skill_score,qualification_score,location_score,stipend_score,experience_score,skill_x_location,skill_squared,shortlisted
0.025,0.25,0.0,0.892,0.078,0.0,0.001,0
0.25,1.0,0.25,0.701,0.378,0.062,0.062,0
0.0,0.16,0.85,0.5,0.092,0.0,0.0,0
0.85,0.807,0.536,0.379,0.497,0.456,0.722,1
0.862,0.2,0.25,0.985,0.77,0.215,0.743,0
1.0,0.365,0.3,0.702,0.615,0.3,1.0,1
0.534,0.75,0.3,0.843,0.698,0.16,0.285,1
0.5,0.2,1.0,0.315,0.59,0.5,0.25,1
0.459,0.25,0.539,0.428,0.525,0.247,0.211,0
0.138,0.2,0.153,0.75,0.537,0.021,0.019,0
1.0,0.2,0.115,0.751,0.692,0.115,1.0,1
0.25,0.85,0.762,0.2,0.783,0.191,0.062,0
0.609,0.25,0.2,1.0,0.018,0.122,0.371,0
0.832,0.0,1.0,0.086,0.437,0.832,0.692,1
0.766,0.75,0.165,1.0,0.868,0.126,0.587,0
0.69,0.399,0.373,0.451,0.223,0.257,0.476,1
1.0,0.25,0.0,0.0,0.774,0.0,1.0,1
0.75,0.25,0.882,0.3,0.706,0.661,0.562,0
0.0,0.354,0.2,0.984,0.089,0.0,0.0,0
0.0,0.25,0.3,0.85,0.416,0.0,0.0,0
1.0,1.0,0.969,0.849,0.15,0.969,1.0,1
0.75,0.165,0.75,0.75,0.257,0.562,0.562,0
0.783,0.487,0.25,0.579,0.488,0.196,0.613,0
1.0,0.3,1.0,0.25,0.062,1.0,1.0,1
0.404,0.57,0.2,0.419,0.525,0.081,0.163,0
0.204,0.239,0.85,0.2,0.008,0.173,0.042,0
0.2,0.25,0.3,0.881,0.791,0.06,0.04,0
1.0,0.612,0.654,1.0,0.269,0.654,1.0,1
0.134,0.0,0.155,0.25,0.646,0.021,0.018,0
0.264,0.2,0.75,0.044,0.3,0.198,0.07,0
0.162,1.0,0.2,0.25,0.491,0.032,0.026,0
0.3,0.2,0.0,0.21,0.225,0.0,0.09,0
0.884,0.3,0.237,0.25,0.793,0.21,0.781,1
0.332,0.802,0.811,0.0,0.344,0.269,0.11,1
0.3,0.46,0.25,0.25,0.359,0.075,0.09,0
0.5,1.0,0.844,0.0,0.104,0.422,0.25,0
0.5,1.0,0.85,0.2,0.347,0.425,0.25,1
0.75,1.0,0.94,0.197,0.388,0.705,0.562,0
0.623,0.125,0.507,0.326,0.627,0.316,0.388,0
0.75,0.903,0.301,0.2,0.273,0.226,0.562,1
0.607,0.75,0.3,0.3,0.593,0.182,0.368,1
0.619,0.25,0.225,0.0,0.042,0.139,0.383,0
0.768,0.3,0.384,0.3,0.59,0.295,0.59,1
0.77,0.75,1.0,0.3,0.826,0.77,0.593,1
0.75,0.988,1.0,0.719,0.454,0.75,0.562,1
0.3,0.475,0.25,0.277,0.7,0.075,0.09,0
0.75,0.5,0.5,1.0,0.073,0.375,0.562,1
0.3,0.064,1.0,0.3,0.75,0.3,0.09,0
0.946,1.0,0.2,0.299,0.351,0.189,0.895,0
0.538,0.8,0.488,0.75,0.026,0.263,0.289,1
0.404,0.75,0.981,1.0,0.533,0.396,0.163,1
0.75,0.75,0.5,0.3,0.409,0.375,0.562,1
0.278,0.422,0.47,0.052,0.857,0.131,0.077,0
0.0,0.95,0.0,0.239,0.426,0.0,0.0,0
0.465,0.5,1.0,0.718,0.7,0.465,0.216,1
1.0,0.5,1.0,0.3,0.068,1.0,1.0,1
0.102,0.85,0.121,0.783,0.312,0.012,0.01,0
0.85,0.75,0.106,0.636,0.746,0.09,0.722,0
0.85,0.92,0.465,0.592,0.29,0.395,0.722,1
0.279,1.0,1.0,0.75,0.766,0.279,0.078,0
0.5,1.0,0.276,0.25,0.077,0.138,0.25,0
0.3,0.646,0.2,0.25,0.364,0.06,0.09,0
0.369,0.85,0.85,1.0,0.244,0.314,0.136,1
0.25,1.0,0.69,0.75,0.249,0.172,0.062,0
0.597,0.833,0.5,0.0,0.637,0.298,0.356,1
0.0,0.3,0.753,0.0,0.517,0.0,0.0,0
0.3,0.252,0.114,0.75,0.067,0.034,0.09,0
0.25,0.949,0.25,0.75,0.546,0.062,0.062,0
1.0,1.0,1.0,0.305,0.559,1.0,1.0,1
0.948,0.25,0.0,0.25,0.497,0.0,0.899,1
1.0,0.25,0.5,0.454,0.619,0.5,1.0,0
0.625,0.934,0.3,0.908,0.744,0.188,0.391,1
0.5,0.85,1.0,0.7,0.848,0.5,0.25,1
0.2,1.0,0.604,0.25,0.866,0.121,0.04,0
0.2,0.672,0.0,0.175,0.467,0.0,0.04,0
1.0,1.0,0.47,0.85,0.603,0.47,1.0,1
0.75,0.75,0.55,0.85,0.227,0.413,0.562,1
0.865,0.001,0.462,1.0,0.326,0.4,0.748,0
0.76,1.0,0.5,1.0,0.109,0.38,0.578,0
0.239,1.0,0.75,0.0,0.415,0.179,0.057,0
0.498,0.509,0.75,0.244,0.496,0.373,0.248,1
0.508,0.864,0.75,1.0,0.24,0.381,0.258,1
0.837,1.0,0.447,0.85,0.497,0.374,0.701,1
0.85,0.981,0.75,0.75,0.039,0.637,0.722,1
0.811,0.3,0.2,1.0,0.299,0.162,0.658,1
0.1,0.015,0.25,0.5,0.305,0.025,0.01,0
0.852,0.859,0.85,0.887,0.439,0.724,0.726,1
0.235,0.287,0.0,0.2,0.684,0.0,0.055,0
0.25,0.903,0.0,0.5,0.388,0.0,0.062,0
0.3,0.0,0.383,0.498,0.525,0.115,0.09,0
0.46,0.899,0.85,0.158,0.398,0.391,0.212,1
1.0,0.457,0.75,0.107,0.343,0.75,1.0,1
0.5,0.75,1.0,0.778,0.876,0.5,0.25,0
0.833,0.776,0.5,0.25,0.559,0.416,0.694,1
0.659,0.628,0.646,0.75,0.03,0.426,0.434,1
0.5,0.75,0.25,0.876,0.329,0.125,0.25,0
0.25,0.75,0.295,0.804,0.421,0.074,0.062,0
0.226,0.674,0.85,0.75,0.013,0.192,0.051,0
0.85,0.85,0.25,0.85,0.824,0.212,0.722,1
0.75,0.302,0.3,0.0,0.274,0.225,0.562,0
1.0,0.75,1.0,0.3,0.797,1.0,1.0,1
0.616,0.28,0.217,0.3,0.77,0.134,0.379,1
0.544,0.359,0.3,0.949,0.742,0.163,0.296,1
1.0,0.051,0.25,0.205,0.747,0.25,1.0,0
0.3,0.25,0.596,0.25,0.889,0.179,0.09,0
0.11,0.132,0.3,0.2,0.157,0.033,0.012,0
0.526,0.476,0.513,1.0,0.199,0.27,0.277,0
0.909,0.302,0.031,0.847,0.384,0.028,0.826,1
0.444,0.322,0.25,1.0,0.494,0.111,0.197,0
0.531,1.0,0.0,0.651,0.692,0.0,0.282,0
0.75,0.414,0.399,0.313,0.281,0.299,0.562,0
0.687,0.2,0.093,0.5,0.731,0.064,0.472,0
0.85,0.411,0.941,0.2,0.872,0.8,0.722,1
0.3,0.75,0.0,0.85,0.103,0.0,0.09,0
0.75,0.975,0.614,0.026,0.836,0.461,0.562,1
0.25,0.5,0.351,0.25,0.51,0.088,0.062,0
0.0,1.0,0.75,0.3,0.333,0.0,0.0,0
0.568,0.0,1.0,0.0,0.245,0.568,0.323,0
1.0,0.3,0.114,0.85,0.61,0.114,1.0,0
0.85,0.75,0.055,0.25,0.691,0.047,0.722,0
0.0,0.75,0.75,0.3,0.45,0.0,0.0,0
0.072,0.042,0.0,0.576,0.516,0.0,0.005,0
0.2,0.85,1.0,0.85,0.079,0.2,0.04,0
1.0,0.2,0.85,0.222,0.701,0.85,1.0,1
0.531,0.5,0.3,0.25,0.23,0.159,0.282,1
0.0,0.75,1.0,0.882,0.579,0.0,0.0,0
0.5,0.0,0.85,0.591,0.317,0.425,0.25,1
0.2,0.5,0.0,0.507,0.416,0.0,0.04,0
0.896,0.3,0.75,0.2,0.405,0.672,0.803,1
0.982,0.25,0.75,0.524,0.549,0.736,0.964,1
0.387,0.679,0.5,0.0,0.502,0.194,0.15,0
1.0,0.333,0.3,0.31,0.59,0.3,1.0,0
0.0,0.75,0.328,1.0,0.084,0.0,0.0,0
0.2,0.3,0.342,0.192,0.9,0.068,0.04,0
0.0,0.2,0.876,0.597,0.139,0.0,0.0,0
0.625,0.721,0.5,0.238,0.4,0.312,0.391,1
0.449,0.85,0.784,0.194,0.61,0.352,0.202,0
0.85,0.503,0.3,0.801,0.125,0.255,0.722,1
0.874,0.2,0.516,0.0,0.687,0.451,0.764,1
0.147,0.3,0.885,0.415,0.357,0.13,0.022,0
0.2,0.2,0.0,0.65,0.712,0.0,0.04,0
0.75,0.139,0.449,0.0,0.017,0.337,0.562,1
1.0,0.2,0.238,0.25,0.378,0.238,1.0,0
0.2,0.5,0.3,0.291,0.001,0.06,0.04,0
0.3,0.086,0.068,0.2,0.351,0.02,0.09,0
0.981,0.0,0.2,0.0,0.694,0.196,0.962,0
0.0,0.85,0.175,0.465,0.626,0.0,0.0,0
0.063,0.458,0.0,0.886,0.284,0.0,0.004,0
1.0,0.25,0.0,0.332,0.112,0.0,1.0,0
0.743,0.387,0.496,0.85,0.721,0.369,0.552,1
1.0,0.18,0.0,0.5,0.276,0.0,1.0,0
1.0,0.2,0.912,0.435,0.576,0.912,1.0,1
0.75,0.3,0.143,0.781,0.031,0.107,0.562,1
0.366,0.2,0.679,0.372,0.687,0.249,0.134,0
1.0,0.5,0.0,0.25,0.449,0.0,1.0,0
0.85,0.704,1.0,0.75,0.18,0.85,0.722,1
0.25,0.445,0.5,0.71,0.495,0.125,0.062,0
0.25,0.927,0.794,0.2,0.887,0.199,0.062,0
0.75,1.0,1.0,0.552,0.551,0.75,0.562,1
0.75,1.0,0.074,0.642,0.405,0.055,0.562,0
1.0,0.182,0.433,0.055,0.112,0.433,1.0,1
0.5,0.225,0.519,0.0,0.226,0.26,0.25,0
0.3,0.614,0.25,0.3,0.154,0.075,0.09,0
0.338,0.041,0.081,0.771,0.238,0.027,0.114,0
0.2,0.85,0.302,0.75,0.268,0.06,0.04,0
0.75,1.0,1.0,0.5,0.661,0.75,0.562,1
0.131,0.2,0.75,0.75,0.223,0.098,0.017,0
0.75,0.418,0.902,0.934,0.649,0.676,0.562,1
1.0,0.85,0.2,0.505,0.87,0.2,1.0,1
0.2,1.0,0.654,0.2,0.762,0.131,0.04,0
0.728,0.366,0.3,0.85,0.066,0.218,0.53,0
0.28,0.68,0.0,0.85,0.502,0.0,0.078,0
1.0,0.2,0.25,0.804,0.467,0.25,1.0,1
0.14,0.319,0.85,1.0,0.638,0.119,0.02,0
0.368,0.98,0.2,0.85,0.87,0.074,0.135,0
0.578,0.584,1.0,0.38,0.739,0.578,0.334,1
0.2,0.75,0.25,0.3,0.369,0.05,0.04,0
0.873,0.062,0.25,1.0,0.473,0.218,0.762,0
1.0,0.5,0.868,0.804,0.238,0.868,1.0,1
0.279,0.5,0.705,0.489,0.432,0.197,0.078,0
0.722,1.0,0.38,0.818,0.859,0.274,0.521,0
0.5,0.079,0.656,0.214,0.745,0.328,0.25,0
0.85,1.0,0.239,1.0,0.203,0.203,0.722,1
0.5,0.101,0.005,0.3,0.366,0.003,0.25,0
0.477,0.5,0.0,0.089,0.517,0.0,0.228,0
0.937,0.175,0.176,0.997,0.357,0.165,0.878,0
0.962,0.877,1.0,0.928,0.302,0.962,0.925,1
0.524,0.134,0.85,0.0,0.298,0.445,0.275,0
0.719,0.5,0.568,0.175,0.771,0.408,0.517,0
0.515,0.0,0.25,0.3,0.006,0.129,0.265,0
0.85,0.302,0.011,0.693,0.056,0.009,0.722,1
0.75,0.923,0.77,0.639,0.847,0.578,0.562,1
0.25,1.0,0.606,1.0,0.682,0.151,0.062,0
0.762,0.596,0.526,0.85,0.07,0.401,0.581,1
1.0,0.202,0.3,1.0,0.398,0.3,1.0,0
0.489,0.445,0.25,1.0,0.508,0.122,0.239,0
0.308,0.5,0.746,0.2,0.381,0.23,0.095,0
0.2,0.069,0.032,0.3,0.689,0.006,0.04,0
0.42,0.382,0.907,0.3,0.588,0.381,0.176,0
1.0,0.3,0.223,0.0,0.881,0.223,1.0,0
0.424,0.3,0.5,0.25,0.844,0.212,0.18,0
0.75,0.936,0.241,1.0,0.03,0.181,0.562,0
0.049,0.402,0.25,0.776,0.126,0.012,0.002,0
1.0,1.0,0.818,0.25,0.887,0.818,1.0,1
0.85,1.0,0.912,0.427,0.446,0.775,0.722,0
0.671,0.319,0.3,0.25,0.679,0.201,0.45,0
0.301,0.806,0.562,0.557,0.121,0.169,0.091,0
0.0,0.847,0.25,0.75,0.606,0.0,0.0,0
0.188,0.724,1.0,0.5,0.273,0.188,0.035,0
0.25,0.117,0.479,1.0,0.633,0.12,0.062,0
0.5,0.381,0.85,0.5,0.462,0.425,0.25,0
0.75,0.32,0.5,0.3,0.667,0.375,0.562,1
1.0,0.25,0.75,0.3,0.449,0.75,1.0,1
0.257,0.967,0.491,0.5,0.152,0.126,0.066,0
0.2,0.2,0.668,0.412,0.758,0.134,0.04,0
0.009,0.85,1.0,0.659,0.014,0.009,0.0,0
0.2,0.85,0.85,0.75,0.726,0.17,0.04,0
0.0,0.3,1.0,0.5,0.241,0.0,0.0,0
1.0,0.3,0.226,0.848,0.588,0.226,1.0,0
0.094,1.0,0.0,0.083,0.761,0.0,0.009,0
0.0,0.919,1.0,0.2,0.832,0.0,0.0,0
1.0,0.2,0.5,0.25,0.528,0.5,1.0,1
0.398,0.25,1.0,0.541,0.345,0.398,0.158,0
0.689,0.5,0.75,0.0,0.307,0.517,0.475,0
0.397,0.03,0.75,0.85,0.498,0.298,0.158,0
1.0,0.086,0.798,0.082,0.139,0.798,1.0,1
0.74,0.0,0.5,0.85,0.092,0.37,0.548,1
1.0,0.0,0.2,0.85,0.777,0.2,1.0,1
0.2,0.56,0.243,1.0,0.153,0.049,0.04,0
0.25,0.75,0.5,0.2,0.325,0.125,0.062,0
0.496,0.458,0.0,0.332,0.558,0.0,0.246,0
0.5,0.3,1.0,0.201,0.283,0.5,0.25,0
0.291,0.491,0.3,0.5,0.735,0.087,0.085,0
1.0,1.0,1.0,0.75,0.849,1.0,1.0,1
0.831,0.75,0.139,0.5,0.593,0.116,0.691,0
0.074,0.479,1.0,0.85,0.631,0.074,0.005,0
0.2,0.25,0.355,0.044,0.885,0.071,0.04,0
0.85,0.43,0.5,1.0,0.502,0.425,0.722,1
0.5,0.3,0.0,0.85,0.374,0.0,0.25,0
0.25,0.5,0.3,0.85,0.429,0.075,0.062,0
0.319,0.0,0.5,0.677,0.148,0.16,0.102,0
0.25,0.85,1.0,0.75,0.567,0.25,0.062,0
0.396,0.883,1.0,0.3,0.185,0.396,0.157,0
0.063,1.0,0.5,0.0,0.236,0.032,0.004,0
0.85,1.0,0.85,1.0,0.556,0.722,0.722,1
0.297,0.085,0.0,0.0,0.165,0.0,0.088,0
1.0,1.0,1.0,0.693,0.581,1.0,1.0,0
1.0,0.25,0.75,0.866,0.857,0.75,1.0,1
0.75,0.505,1.0,1.0,0.44,0.75,0.562,1
0.25,0.5,0.5,0.75,0.509,0.125,0.062,0
0.2,0.85,0.823,0.2,0.684,0.165,0.04,0
0.75,0.25,0.0,0.85,0.776,0.0,0.562,1
0.117,0.21,0.689,0.61,0.385,0.081,0.014,0
0.814,0.57,0.3,0.5,0.26,0.244,0.663,1
0.985,0.095,0.786,0.992,0.78,0.774,0.97,1
0.25,0.828,0.676,0.85,0.565,0.169,0.062,0
0.0,0.85,0.877,1.0,0.295,0.0,0.0,1
0.733,0.458,0.358,1.0,0.358,0.262,0.537,0
0.495,0.5,1.0,0.75,0.709,0.495,0.245,0
0.046,0.837,0.25,0.2,0.893,0.011,0.002,0
0.909,0.302,0.877,0.5,0.225,0.797,0.826,1
0.166,0.85,0.755,0.2,0.633,0.125,0.028,1
0.3,1.0,0.5,0.988,0.38,0.15,0.09,1
0.75,0.0,0.5,0.137,0.696,0.375,0.562,0
0.25,1.0,0.25,0.3,0.565,0.062,0.062,0
1.0,0.087,0.0,1.0,0.316,0.0,1.0,0
0.248,0.248,0.721,0.0,0.763,0.179,0.062,0
1.0,0.189,0.2,0.794,0.215,0.2,1.0,0
1.0,0.0,0.934,1.0,0.379,0.934,1.0,1
0.75,0.77,0.0,0.25,0.036,0.0,0.562,1
0.507,0.501,1.0,1.0,0.484,0.507,0.257,1
0.0,0.3,0.155,1.0,0.571,0.0,0.0,0
0.066,0.73,0.058,0.75,0.104,0.004,0.004,0
0.25,0.25,0.164,0.523,0.705,0.041,0.062,0
0.25,0.873,0.118,0.335,0.386,0.029,0.062,0
1.0,0.496,0.2,0.3,0.331,0.2,1.0,1
1.0,0.115,0.003,0.012,0.041,0.003,1.0,0
0.179,0.035,0.714,0.225,0.223,0.128,0.032,0
0.0,0.2,0.2,1.0,0.883,0.0,0.0,0
0.75,0.774,0.0,0.2,0.332,0.0,0.562,0
0.74,0.5,1.0,0.776,0.659,0.74,0.548,1
0.151,0.024,0.2,0.001,0.592,0.03,0.023,0
0.104,0.3,0.2,0.142,0.252,0.021,0.011,0
1.0,0.85,0.2,0.3,0.573,0.2,1.0,1
0.2,0.3,0.5,0.926,0.354,0.1,0.04,0
0.75,0.0,0.136,0.109,0.095,0.102,0.562,0
0.0,0.3,1.0,0.0,0.081,0.0,0.0,0
1.0,0.5,0.25,0.396,0.044,0.25,1.0,1
0.174,0.855,0.3,0.0,0.724,0.052,0.03,0
0.25,0.75,0.2,0.85,0.826,0.05,0.062,0
0.198,0.809,0.5,0.75,0.046,0.099,0.039,0
1.0,1.0,0.173,0.25,0.247,0.173,1.0,0
1.0,0.246,0.75,0.479,0.079,0.75,1.0,1
0.3,0.802,0.989,0.359,0.49,0.297,0.09,0
0.502,0.3,1.0,0.5,0.053,0.502,0.252,0
0.3,0.1,0.267,0.917,0.05,0.08,0.09,0
0.75,0.3,1.0,0.5,0.823,0.75,0.562,1
0.948,0.3,0.81,0.542,0.158,0.768,0.899,1
1.0,1.0,0.85,0.201,0.117,0.85,1.0,1
0.844,0.0,0.25,0.846,0.775,0.211,0.712,0
1.0,0.85,0.25,0.732,0.393,0.25,1.0,0
0.85,1.0,0.929,0.223,0.53,0.79,0.722,1
0.5,0.0,0.949,0.2,0.164,0.474,0.25,0
0.611,0.104,0.85,0.238,0.884,0.519,0.373,1
0.089,0.639,0.447,0.25,0.624,0.04,0.008,0
0.72,0.75,0.969,0.493,0.341,0.698,0.518,1
0.75,0.578,0.226,0.2,0.265,0.17,0.562,0
0.074,0.75,0.0,0.2,0.304,0.0,0.005,0
0.705,0.3,0.434,0.5,0.185,0.306,0.497,1
0.722,0.265,0.25,0.75,0.515,0.18,0.521,0
0.5,0.0,1.0,0.2,0.023,0.5,0.25,1
0.0,0.2,0.75,0.85,0.082,0.0,0.0,0
0.75,1.0,0.75,0.3,0.753,0.562,0.562,1
0.0,0.5,0.414,0.228,0.055,0.0,0.0,0
1.0,0.3,0.2,0.2,0.452,0.2,1.0,0
0.678,0.12,0.173,0.972,0.728,0.117,0.46,1
1.0,0.25,0.258,0.914,0.06,0.258,1.0,0
0.85,0.52,0.012,0.588,0.704,0.01,0.722,1
1.0,0.2,0.563,0.5,0.781,0.563,1.0,1
0.264,0.572,0.3,0.25,0.556,0.079,0.07,0
1.0,0.331,0.75,0.897,0.018,0.75,1.0,1
0.5,0.858,0.972,0.5,0.877,0.486,0.25,1
0.269,0.2,0.25,0.407,0.436,0.067,0.072,0
0.2,0.3,1.0,0.2,0.156,0.2,0.04,0
0.0,0.75,0.5,0.274,0.741,0.0,0.0,0
0.124,0.5,1.0,0.75,0.528,0.124,0.015,0
0.5,0.689,0.75,1.0,0.702,0.375,0.25,1
0.25,0.269,0.2,0.967,0.614,0.05,0.062,0
0.25,0.008,0.5,0.709,0.248,0.125,0.062,0
0.459,0.5,0.824,0.2,0.007,0.378,0.211,0
0.839,0.85,0.0,0.85,0.89,0.0,0.704,0
0.261,0.892,0.25,0.3,0.81,0.065,0.068,0
0.6,0.681,0.655,0.259,0.377,0.393,0.36,1
1.0,0.343,0.686,0.476,0.847,0.686,1.0,1
0.25,0.876,0.0,0.85,0.653,0.0,0.062,0
0.947,0.654,0.25,0.307,0.709,0.237,0.897,1
0.5,0.2,0.2,0.3,0.45,0.1,0.25,0
0.85,0.3,0.25,1.0,0.804,0.212,0.722,0
0.25,0.488,0.177,0.005,0.246,0.044,0.062,0
0.25,0.2,0.75,0.403,0.869,0.188,0.062,0
0.25,0.95,0.757,0.2,0.609,0.189,0.062,0
0.5,0.0,0.85,0.0,0.268,0.425,0.25,0
0.596,0.25,0.75,0.3,0.148,0.447,0.355,0
0.019,0.25,0.0,0.3,0.111,0.0,0.0,0
0.375,0.771,0.594,0.0,0.588,0.223,0.141,1
0.417,0.85,0.3,0.0,0.271,0.125,0.174,0
0.27,0.137,0.105,0.118,0.103,0.028,0.073,0
0.25,0.831,0.358,0.3,0.035,0.089,0.062,0
0.75,0.0,0.0,0.835,0.602,0.0,0.562,1
1.0,0.0,0.644,0.85,0.238,0.644,1.0,1
0.874,0.36,0.426,0.0,0.009,0.372,0.764,1
0.329,0.955,0.0,0.85,0.165,0.0,0.108,0
0.272,1.0,0.649,0.113,0.627,0.177,0.074,0
0.159,1.0,0.678,0.75,0.701,0.108,0.025,0
0.88,0.892,1.0,0.75,0.397,0.88,0.774,1
0.012,0.525,0.724,0.5,0.467,0.009,0.0,0
0.433,0.482,0.641,1.0,0.803,0.278,0.187,0
0.25,1.0,0.869,0.75,0.289,0.217,0.062,0
1.0,0.75,0.3,0.75,0.721,0.3,1.0,0
0.447,0.75,0.018,0.2,0.501,0.008,0.2,1
1.0,0.638,0.562,0.456,0.307,0.562,1.0,1
0.844,1.0,0.85,0.114,0.683,0.717,0.712,1
0.5,0.85,0.046,0.25,0.74,0.023,0.25,0
0.85,0.188,0.393,0.3,0.645,0.334,0.722,1
0.2,0.451,0.956,0.75,0.004,0.191,0.04,0
1.0,0.483,0.3,0.174,0.734,0.3,1.0,1
0.606,0.75,0.3,0.5,0.873,0.182,0.367,1
0.75,0.886,0.85,0.936,0.569,0.637,0.562,1
0.291,0.25,0.65,0.504,0.625,0.189,0.085,0
0.5,1.0,0.894,1.0,0.727,0.447,0.25,1
0.25,0.0,0.25,0.683,0.132,0.062,0.062,0
0.204,0.85,0.102,0.739,0.778,0.021,0.042,0
0.3,0.85,0.047,1.0,0.861,0.014,0.09,0
1.0,0.5,0.75,0.911,0.634,0.75,1.0,1
0.547,0.776,0.294,0.0,0.168,0.161,0.299,1
1.0,0.5,0.3,0.5,0.005,0.3,1.0,0
0.04,0.597,0.625,0.301,0.711,0.025,0.002,0
0.5,0.3,0.3,1.0,0.083,0.15,0.25,1
0.5,0.5,1.0,0.2,0.103,0.5,0.25,1
1.0,0.244,0.5,0.2,0.347,0.5,1.0,1
1.0,0.375,0.446,0.25,0.288,0.446,1.0,1
1.0,0.2,0.25,0.424,0.094,0.25,1.0,0
0.976,0.647,0.747,0.75,0.645,0.729,0.953,1
0.25,0.558,0.3,0.408,0.406,0.075,0.062,0
0.75,0.535,0.618,0.586,0.631,0.464,0.562,1
0.106,0.301,0.75,0.2,0.427,0.08,0.011,0
0.75,0.849,0.25,0.5,0.862,0.188,0.562,1
0.141,1.0,0.2,0.5,0.191,0.028,0.02,0
0.142,1.0,0.194,1.0,0.767,0.028,0.02,0
0.994,0.2,0.0,0.25,0.653,0.0,0.988,0
0.25,0.235,0.0,0.318,0.406,0.0,0.062,0
1.0,1.0,0.85,0.169,0.282,0.85,1.0,1
0.641,0.5,0.5,0.463,0.323,0.321,0.411,1
0.3,0.082,0.25,0.196,0.66,0.075,0.09,0
0.892,0.632,0.579,0.213,0.033,0.516,0.796,1
0.54,0.149,0.85,1.0,0.459,0.459,0.292,1
0.3,0.807,0.166,1.0,0.143,0.05,0.09,0
0.3,0.484,0.3,0.232,0.238,0.09,0.09,0
0.518,0.388,0.882,0.5,0.093,0.457,0.268,0
0.273,0.579,1.0,0.365,0.588,0.273,0.075,0
1.0,0.223,0.85,1.0,0.798,0.85,1.0,1
0.44,1.0,0.212,0.5,0.542,0.093,0.194,0
0.415,0.0,1.0,0.3,0.583,0.415,0.172,0
0.25,0.3,1.0,1.0,0.132,0.25,0.062,0
0.517,0.2,0.728,0.947,0.195,0.376,0.267,0
1.0,0.75,0.795,0.182,0.594,0.795,1.0,1
0.343,0.2,0.75,0.0,0.182,0.257,0.118,0
1.0,0.606,1.0,0.2,0.084,1.0,1.0,1
0.539,0.75,0.85,0.698,0.386,0.458,0.291,0
1.0,0.2,0.85,0.3,0.819,0.85,1.0,1
1.0,0.0,0.789,0.2,0.468,0.789,1.0,1
0.5,0.2,1.0,1.0,0.381,0.5,0.25,1
0.75,0.413,0.482,1.0,0.228,0.361,0.562,1
0.75,0.855,0.748,0.3,0.09,0.561,0.562,1
0.801,0.685,0.75,0.005,0.082,0.601,0.642,1
0.435,0.25,0.2,0.931,0.361,0.087,0.189,0
1.0,0.25,0.439,1.0,0.257,0.439,1.0,1
0.3,0.674,0.2,0.087,0.248,0.06,0.09,0
0.405,0.0,0.069,0.5,0.654,0.028,0.164,0
0.85,0.277,0.195,0.575,0.235,0.166,0.722,0
0.0,0.85,0.803,0.876,0.732,0.0,0.0,0
0.966,0.3,0.961,1.0,0.807,0.928,0.933,1
0.85,0.25,0.23,0.5,0.465,0.196,0.722,1
0.248,0.5,0.25,0.85,0.197,0.062,0.062,0
0.25,0.3,0.25,0.207,0.182,0.062,0.062,0
0.156,0.0,0.663,0.764,0.487,0.103,0.024,0
0.85,0.85,0.85,0.3,0.049,0.722,0.722,1
0.2,1.0,0.776,0.2,0.628,0.155,0.04,0
0.012,1.0,0.5,0.26,0.494,0.006,0.0,0
0.85,1.0,1.0,0.372,0.769,0.85,0.722,1
0.25,0.686,0.721,0.555,0.771,0.18,0.062,0
0.739,0.2,0.75,1.0,0.481,0.554,0.546,1
0.85,0.2,0.3,0.5,0.429,0.255,0.722,0
0.85,0.5,0.85,0.75,0.109,0.722,0.722,1
0.199,0.3,0.285,1.0,0.439,0.057,0.04,0
0.381,0.25,0.641,0.422,0.551,0.244,0.145,0
0.079,0.5,0.5,0.605,0.356,0.04,0.006,0
0.939,0.521,0.3,0.0,0.113,0.282,0.882,1
0.0,0.75,0.0,0.473,0.048,0.0,0.0,0
0.2,1.0,0.75,0.25,0.664,0.15,0.04,0
1.0,0.029,0.86,0.75,0.42,0.86,1.0,1
0.549,1.0,1.0,1.0,0.471,0.549,0.301,1
0.5,0.3,0.442,0.85,0.14,0.221,0.25,1
0.3,0.75,1.0,0.477,0.008,0.3,0.09,0
0.25,0.548,1.0,0.3,0.147,0.25,0.062,0
1.0,0.0,0.3,0.85,0.256,0.3,1.0,0
0.413,0.182,0.75,0.272,0.56,0.31,0.171,1
0.0,0.022,0.282,0.75,0.654,0.0,0.0,0
0.75,0.75,0.75,0.464,0.712,0.562,0.562,1
0.952,0.75,0.75,0.5,0.736,0.714,0.906,1
0.25,1.0,0.0,0.0,0.469,0.0,0.062,0
0.85,0.159,0.745,0.2,0.228,0.633,0.722,1
0.0,0.218,0.75,0.25,0.715,0.0,0.0,0
0.3,0.0,1.0,0.155,0.694,0.3,0.09,0
0.85,0.997,0.06,0.701,0.712,0.051,0.722,1
1.0,0.757,0.439,0.75,0.322,0.439,1.0,1
0.485,0.85,1.0,0.25,0.489,0.485,0.235,1
0.3,0.25,0.85,1.0,0.001,0.255,0.09,0
0.3,0.62,0.3,0.0,0.592,0.09,0.09,0
1.0,0.154,0.75,0.11,0.471,0.75,1.0,1
0.13,0.202,0.2,0.75,0.592,0.026,0.017,0
0.256,0.2,0.25,0.928,0.749,0.064,0.066,0
0.361,0.89,0.794,1.0,0.239,0.287,0.13,1
0.5,0.25,0.097,0.532,0.171,0.049,0.25,0
0.25,1.0,0.766,1.0,0.632,0.192,0.062,0
0.25,0.85,0.534,0.85,0.812,0.134,0.062,0
0.845,1.0,0.323,1.0,0.193,0.273,0.714,0
0.254,0.447,0.2,0.596,0.466,0.051,0.065,0
0.5,0.215,0.5,0.511,0.514,0.25,0.25,0
0.75,0.3,1.0,0.5,0.73,0.75,0.562,1
0.3,0.724,0.173,0.69,0.519,0.052,0.09,0
0.85,1.0,0.2,0.334,0.792,0.17,0.722,0
0.121,0.748,0.929,0.632,0.049,0.112,0.015,0
1.0,1.0,0.153,0.997,0.874,0.153,1.0,0
0.2,0.5,0.148,0.75,0.514,0.03,0.04,0
0.2,1.0,0.13,1.0,0.178,0.026,0.04,0
0.3,0.5,0.323,0.09,0.605,0.097,0.09,0
0.5,0.0,0.169,0.75,0.561,0.085,0.25,0
0.233,0.156,0.086,0.243,0.559,0.02,0.054,0
0.288,0.0,0.75,0.25,0.666,0.216,0.083,0
0.85,0.3,0.668,0.2,0.23,0.568,0.722,1
1.0,0.75,0.008,0.85,0.597,0.008,1.0,0
0.2,0.75,0.75,0.2,0.813,0.15,0.04,0
0.2,1.0,0.561,0.04,0.83,0.112,0.04,0
0.3,0.5,0.85,1.0,0.248,0.255,0.09,1
0.75,0.815,1.0,0.226,0.308,0.75,0.562,1
0.75,0.3,0.3,0.85,0.819,0.225,0.562,0
0.3,0.581,0.202,1.0,0.819,0.061,0.09,0
0.77,0.565,0.0,0.2,0.166,0.0,0.593,0
0.0,0.88,1.0,0.5,0.137,0.0,0.0,0
0.0,0.612,1.0,0.596,0.208,0.0,0.0,0
0.75,1.0,0.85,0.75,0.442,0.637,0.562,1
0.0,0.2,0.95,0.25,0.682,0.0,0.0,0
0.986,0.49,0.75,0.428,0.699,0.74,0.972,1
0.72,0.2,1.0,0.2,0.79,0.72,0.518,1
0.2,0.2,0.75,0.85,0.696,0.15,0.04,0
0.5,0.055,0.3,1.0,0.081,0.15,0.25,0
1.0,0.696,0.75,0.0,0.161,0.75,1.0,1
0.202,0.85,0.25,0.124,0.103,0.051,0.041,0
1.0,0.975,0.16,0.2,0.691,0.16,1.0,0
0.3,0.25,0.0,0.85,0.657,0.0,0.09,0
0.25,0.25,0.004,0.012,0.448,0.001,0.062,0
0.608,0.3,1.0,1.0,0.071,0.608,0.37,1
1.0,1.0,0.208,0.0,0.588,0.208,1.0,1
0.667,0.298,0.049,0.3,0.145,0.033,0.445,0
0.7,0.3,0.749,0.2,0.084,0.524,0.49,1
1.0,0.758,0.065,0.2,0.625,0.065,1.0,1
0.3,0.612,1.0,0.484,0.62,0.3,0.09,0
0.287,0.316,0.85,0.614,0.447,0.244,0.082,0
0.3,0.233,0.25,0.0,0.418,0.075,0.09,0
0.207,0.415,0.5,0.3,0.01,0.103,0.043,0
0.0,1.0,0.2,0.5,0.307,0.0,0.0,0
0.029,0.5,0.922,1.0,0.718,0.027,0.001,0
1.0,0.537,0.75,0.056,0.469,0.75,1.0,1
0.555,1.0,0.8,0.354,0.873,0.444,0.308,1
0.75,0.842,1.0,0.0,0.778,0.75,0.562,1
0.314,0.75,0.25,0.85,0.195,0.079,0.099,0
0.0,0.913,0.2,0.905,0.139,0.0,0.0,0
0.85,0.143,0.822,0.677,0.119,0.699,0.722,1
0.2,0.0,0.594,0.75,0.8,0.119,0.04,0
0.746,0.5,0.21,0.5,0.249,0.157,0.557,0
0.2,0.25,0.0,0.56,0.092,0.0,0.04,0
0.85,0.5,0.3,1.0,0.803,0.255,0.722,0
0.0,0.2,0.0,0.75,0.161,0.0,0.0,0
1.0,0.312,0.713,0.533,0.876,0.713,1.0,1
0.3,0.75,0.5,0.71,0.419,0.15,0.09,1
1.0,0.5,0.85,0.882,0.408,0.85,1.0,1
0.85,0.3,0.5,0.127,0.093,0.425,0.722,0
0.326,0.792,1.0,0.3,0.559,0.326,0.106,0
0.384,1.0,1.0,0.85,0.49,0.384,0.147,1
0.078,0.574,1.0,0.0,0.74,0.078,0.006,0
0.07,1.0,0.379,0.2,0.081,0.027,0.005,0
0.903,0.0,0.25,0.85,0.351,0.226,0.815,0
0.5,0.5,0.937,0.915,0.891,0.469,0.25,1
0.51,0.853,1.0,0.001,0.504,0.51,0.26,0
0.5,0.235,0.394,0.75,0.365,0.197,0.25,0
0.25,0.3,0.85,0.154,0.898,0.212,0.062,0
0.0,0.144,0.658,0.136,0.123,0.0,0.0,0
0.894,0.93,0.454,1.0,0.346,0.406,0.799,1
0.2,0.3,0.269,0.576,0.03,0.054,0.04,0
0.85,0.75,0.08,0.526,0.773,0.068,0.722,0
1.0,1.0,0.75,0.664,0.602,0.75,1.0,1
0.85,0.904,0.2,1.0,0.517,0.17,0.722,1
0.85,0.0,0.598,1.0,0.234,0.508,0.722,1
0.2,0.292,0.027,0.3,0.455,0.005,0.04,0
0.25,0.275,0.0,0.91,0.665,0.0,0.062,0
0.3,0.25,0.2,0.0,0.871,0.06,0.09,0
0.838,0.413,1.0,0.167,0.52,0.838,0.702,1
0.5,0.116,0.75,1.0,0.672,0.375,0.25,0
1.0,0.39,1.0,0.012,0.835,1.0,1.0,1
0.962,0.041,0.637,0.432,0.826,0.613,0.925,0
0.5,0.255,1.0,0.749,0.661,0.5,0.25,0
0.5,0.993,0.0,0.832,0.011,0.0,0.25,1
0.75,0.85,0.0,0.0,0.051,0.0,0.562,0
0.217,0.2,0.12,0.13,0.591,0.026,0.047,0
0.3,0.696,0.75,0.076,0.408,0.225,0.09,0
0.692,0.77,0.0,0.0,0.345,0.0,0.479,1
0.5,0.0,0.3,0.178,0.443,0.15,0.25,0
0.218,0.913,0.103,1.0,0.655,0.022,0.048,0
0.75,0.0,0.665,0.5,0.814,0.499,0.562,1
1.0,1.0,0.781,0.54,0.003,0.781,1.0,1
0.482,0.85,0.5,0.2,0.329,0.241,0.232,0
0.75,0.29,1.0,0.75,0.595,0.75,0.562,1
0.2,0.359,0.75,0.14,0.174,0.15,0.04,0
1.0,0.85,1.0,0.016,0.305,1.0,1.0,1
0.406,1.0,0.3,0.233,0.065,0.122,0.165,0
0.2,0.2,0.25,0.0,0.814,0.05,0.04,0
1.0,1.0,0.0,1.0,0.719,0.0,1.0,1
0.426,0.982,0.324,0.576,0.124,0.138,0.181,0
0.764,0.85,0.5,0.75,0.151,0.382,0.584,1
0.25,0.041,1.0,0.3,0.014,0.25,0.062,0
0.25,0.707,0.85,1.0,0.623,0.212,0.062,0
0.523,0.3,0.038,0.75,0.551,0.02,0.274,1
0.301,0.3,1.0,0.619,0.776,0.301,0.091,0
1.0,0.659,0.25,0.25,0.617,0.25,1.0,0
0.3,0.0,0.5,0.75,0.226,0.15,0.09,0
0.453,0.0,0.176,0.485,0.104,0.08,0.205,0
0.593,0.25,0.898,0.0,0.294,0.533,0.352,1
0.87,0.3,1.0,1.0,0.13,0.87,0.757,0
1.0,1.0,0.632,0.202,0.114,0.632,1.0,1
0.25,0.75,0.3,0.22,0.266,0.075,0.062,0
0.953,0.578,0.3,1.0,0.44,0.286,0.908,0
1.0,0.75,0.247,1.0,0.2,0.247,1.0,0
0.914,0.418,0.75,0.504,0.383,0.685,0.835,1
0.697,0.75,1.0,0.693,0.366,0.697,0.486,1
0.3,0.091,0.85,0.75,0.772,0.255,0.09,0
0.75,0.3,0.405,0.37,0.418,0.304,0.562,0
0.071,0.333,0.75,0.698,0.551,0.053,0.005,0
0.0,0.336,0.515,0.364,0.046,0.0,0.0,0
0.2,0.3,0.705,0.3,0.125,0.141,0.04,0
1.0,0.752,0.703,0.761,0.288,0.703,1.0,1
1.0,0.0,1.0,0.2,0.423,1.0,1.0,1
0.899,0.85,0.945,0.941,0.059,0.85,0.808,1
0.2,0.3,0.0,0.5,0.101,0.0,0.04,0
0.25,0.2,1.0,0.474,0.378,0.25,0.062,0
0.25,0.25,0.52,1.0,0.309,0.13,0.062,0
1.0,0.53,1.0,0.25,0.808,1.0,1.0,1
0.227,0.85,0.047,1.0,0.861,0.011,0.052,0
1.0,0.25,0.693,0.153,0.214,0.693,1.0,1
0.25,0.85,1.0,0.666,0.88,0.25,0.062,0
0.3,0.2,0.405,0.3,0.853,0.121,0.09,0
1.0,0.331,0.474,1.0,0.6,0.474,1.0,1
0.922,0.0,0.9,1.0,0.105,0.83,0.85,1
0.22,0.85,0.25,0.3,0.703,0.055,0.048,0
0.0,1.0,0.958,0.394,0.441,0.0,0.0,0
0.2,0.361,0.75,0.85,0.011,0.15,0.04,0
0.75,0.088,0.444,0.804,0.26,0.333,0.562,0
0.424,0.14,0.2,0.5,0.427,0.085,0.18,0
0.066,0.756,0.75,0.273,0.157,0.05,0.004,0
0.3,0.75,0.75,0.5,0.751,0.225,0.09,1
1.0,0.0,0.5,0.834,0.425,0.5,1.0,1
0.417,0.3,0.5,0.2,0.539,0.208,0.174,0
1.0,0.628,0.2,0.2,0.761,0.2,1.0,1
0.5,0.3,0.2,0.75,0.573,0.1,0.25,0
0.5,0.2,0.3,0.599,0.15,0.15,0.25,0
0.5,0.5,1.0,0.3,0.012,0.5,0.25,0
1.0,0.3,0.25,0.3,0.716,0.25,1.0,0
0.952,0.713,0.803,0.2,0.105,0.764,0.906,1
0.5,0.5,0.75,0.598,0.687,0.375,0.25,1
0.029,0.222,0.142,0.25,0.189,0.004,0.001,0
0.2,0.75,0.043,1.0,0.534,0.009,0.04,0
0.043,0.0,0.782,0.205,0.811,0.034,0.002,0
0.2,0.5,0.348,1.0,0.703,0.07,0.04,0
0.2,1.0,0.529,0.964,0.155,0.106,0.04,0
0.0,0.92,0.475,0.185,0.606,0.0,0.0,0
0.981,0.3,0.85,0.0,0.468,0.834,0.962,1
0.85,0.2,0.75,0.5,0.411,0.637,0.722,1
0.841,0.75,0.75,0.0,0.805,0.631,0.707,1
0.367,0.75,0.396,0.2,0.107,0.145,0.135,0
0.978,0.892,0.5,0.339,0.535,0.489,0.956,0
0.75,0.279,0.582,0.75,0.32,0.436,0.562,1
0.988,0.3,0.108,0.75,0.208,0.107,0.976,0
0.0,0.498,0.25,0.85,0.137,0.0,0.0,0
0.0,0.52,1.0,0.75,0.441,0.0,0.0,0
1.0,0.2,0.88,0.75,0.283,0.88,1.0,1
0.2,0.5,0.164,0.85,0.644,0.033,0.04,0
0.75,0.685,1.0,0.3,0.456,0.75,0.562,1
1.0,0.353,0.32,0.0,0.115,0.32,1.0,0
0.584,0.625,1.0,0.5,0.371,0.584,0.341,1
0.25,0.593,0.066,0.5,0.153,0.017,0.062,0
0.75,1.0,0.75,0.85,0.34,0.562,0.562,1
1.0,0.25,1.0,0.667,0.15,1.0,1.0,1
0.202,0.974,1.0,0.5,0.043,0.202,0.041,0
0.3,0.958,0.578,0.85,0.061,0.173,0.09,0
0.3,0.0,0.302,0.433,0.486,0.091,0.09,0
1.0,0.548,0.628,0.3,0.519,0.628,1.0,1
0.742,1.0,0.727,0.25,0.328,0.539,0.551,1
0.5,0.41,0.911,0.846,0.24,0.456,0.25,1
1.0,0.25,0.25,0.5,0.418,0.25,1.0,0
0.2,0.5,0.5,0.278,0.496,0.1,0.04,0
0.75,0.055,0.314,0.0,0.811,0.235,0.562,0
0.2,0.3,1.0,0.933,0.47,0.2,0.04,0
0.932,0.0,0.0,0.313,0.749,0.0,0.869,0
0.744,0.218,0.25,0.439,0.229,0.186,0.554,0
0.85,0.113,1.0,0.963,0.791,0.85,0.722,0
0.85,0.021,0.606,0.662,0.847,0.515,0.722,1
0.24,0.85,0.701,0.685,0.481,0.168,0.058,0
0.2,0.393,0.256,0.25,0.268,0.051,0.04,0
0.75,0.879,0.406,0.0,0.741,0.304,0.562,0
1.0,0.333,0.2,0.698,0.456,0.2,1.0,1
0.813,0.453,0.0,0.184,0.399,0.0,0.661,0
0.25,0.314,0.25,0.25,0.762,0.062,0.062,0
0.319,0.3,1.0,0.8,0.179,0.319,0.102,0
0.75,0.884,0.0,0.647,0.564,0.0,0.562,0
0.198,0.169,1.0,0.149,0.862,0.198,0.039,0
0.2,0.435,0.454,0.119,0.642,0.091,0.04,0
0.782,0.75,1.0,0.6,0.896,0.782,0.612,1
0.418,0.3,0.5,0.75,0.817,0.209,0.175,0
0.458,0.25,0.974,0.3,0.642,0.446,0.21,0
0.256,0.0,0.25,0.85,0.897,0.064,0.066,0
0.598,0.046,1.0,1.0,0.604,0.598,0.358,1
0.041,0.25,0.85,0.132,0.286,0.035,0.002,0
0.0,0.25,0.85,0.926,0.255,0.0,0.0,0
0.762,0.5,0.3,0.75,0.687,0.229,0.581,1
0.657,0.053,0.25,0.75,0.234,0.164,0.432,0
1.0,0.5,0.561,0.2,0.761,0.561,1.0,1
0.0,0.5,0.25,0.823,0.507,0.0,0.0,0
0.0,0.3,0.2,0.75,0.609,0.0,0.0,0
0.0,0.2,0.154,0.75,0.409,0.0,0.0,0
0.2,0.0,0.951,1.0,0.116,0.19,0.04,0
0.283,0.744,1.0,0.5,0.16,0.283,0.08,0
0.089,0.163,0.285,0.654,0.109,0.025,0.008,0
0.85,0.604,0.2,0.513,0.441,0.17,0.722,0
1.0,0.75,0.614,1.0,0.084,0.614,1.0,1
0.676,0.714,0.527,0.084,0.421,0.356,0.457,1
0.3,0.684,0.25,0.85,0.512,0.075,0.09,0
0.513,1.0,1.0,0.355,0.527,0.513,0.263,1
0.75,0.25,0.045,0.85,0.283,0.034,0.562,0
0.45,0.341,0.81,0.0,0.672,0.365,0.203,0
0.106,0.2,0.2,0.75,0.414,0.021,0.011,0
0.744,0.303,0.617,0.963,0.608,0.459,0.554,0
0.25,0.0,0.696,0.0,0.188,0.174,0.062,0
0.436,0.79,0.5,0.148,0.38,0.218,0.19,1
0.739,1.0,1.0,0.3,0.265,0.739,0.546,1
0.85,0.75,0.849,0.596,0.499,0.722,0.722,1
1.0,1.0,0.0,1.0,0.519,0.0,1.0,0
0.75,0.117,0.646,1.0,0.019,0.485,0.562,1
0.5,0.3,0.85,0.853,0.644,0.425,0.25,1
0.723,1.0,0.673,0.796,0.72,0.487,0.523,1
0.282,0.667,0.25,0.75,0.091,0.07,0.08,0
0.304,0.0,0.359,0.25,0.157,0.109,0.092,0
0.2,0.0,0.121,0.5,0.894,0.024,0.04,0
0.77,0.3,0.874,0.104,0.045,0.673,0.593,0
0.963,0.975,0.61,0.102,0.506,0.587,0.927,1
0.0,0.911,0.5,0.762,0.449,0.0,0.0,0
0.5,0.25,0.25,1.0,0.692,0.125,0.25,1
0.474,0.25,0.5,0.415,0.566,0.237,0.225,0
0.53,0.138,1.0,0.952,0.465,0.53,0.281,0
0.443,0.718,0.2,0.5,0.361,0.089,0.196,0
1.0,0.66,0.903,1.0,0.875,0.903,1.0,1
0.701,0.722,0.5,0.5,0.81,0.35,0.491,1
0.75,0.3,0.624,0.442,0.311,0.468,0.562,0
0.775,0.084,1.0,0.74,0.113,0.775,0.601,0
0.0,0.85,0.3,1.0,0.533,0.0,0.0,0
0.727,0.11,0.5,1.0,0.319,0.363,0.529,1
0.125,0.0,0.3,0.989,0.509,0.037,0.016,0
0.533,0.85,1.0,0.714,0.468,0.533,0.284,1
1.0,0.5,0.3,0.828,0.074,0.3,1.0,1
0.476,0.85,0.403,1.0,0.785,0.192,0.227,1
0.997,0.948,0.417,1.0,0.114,0.416,0.994,1
1.0,0.118,0.75,0.25,0.85,0.75,1.0,1
0.602,0.2,0.85,0.25,0.106,0.512,0.362,1
0.85,0.3,1.0,0.85,0.8,0.85,0.722,1
0.489,0.5,0.0,0.85,0.509,0.0,0.239,0
0.475,0.606,0.505,1.0,0.6,0.24,0.226,1
0.089,0.624,1.0,0.0,0.862,0.089,0.008,0
0.646,0.707,0.85,0.2,0.58,0.549,0.417,1
0.542,0.957,1.0,0.2,0.108,0.542,0.294,0
0.0,0.25,1.0,0.85,0.362,0.0,0.0,0
0.023,1.0,1.0,0.5,0.082,0.023,0.001,0
0.85,0.5,0.154,0.679,0.053,0.131,0.722,0
0.0,0.0,0.75,0.258,0.847,0.0,0.0,0
0.25,0.586,1.0,0.269,0.287,0.25,0.062,0
0.0,0.3,0.019,0.2,0.222,0.0,0.0,0
0.305,0.2,0.5,0.142,0.486,0.152,0.093,0
0.75,0.555,0.75,0.621,0.588,0.562,0.562,1
0.75,0.5,0.38,0.3,0.527,0.285,0.562,0
1.0,0.85,0.0,0.725,0.899,0.0,1.0,0
1.0,0.318,0.343,0.75,0.246,0.343,1.0,0
0.25,0.85,0.25,0.002,0.429,0.062,0.062,0
0.413,0.703,0.538,0.649,0.07,0.222,0.171,1
0.672,0.353,0.827,0.3,0.755,0.556,0.452,0
0.125,0.3,0.3,0.758,0.612,0.037,0.016,0
1.0,0.808,0.75,0.037,0.444,0.75,1.0,1
0.007,0.638,0.5,1.0,0.153,0.004,0.0,0
0.672,0.176,0.2,1.0,0.77,0.134,0.452,0
0.274,0.023,0.678,0.681,0.795,0.186,0.075,1
0.2,0.323,0.407,1.0,0.42,0.081,0.04,0
0.884,0.5,0.532,0.75,0.175,0.47,0.781,1
0.2,0.226,0.958,0.197,0.296,0.192,0.04,0
0.028,0.2,0.85,0.247,0.426,0.024,0.001,0
0.822,0.3,0.776,0.764,0.563,0.638,0.676,1
0.0,0.377,0.693,0.062,0.722,0.0,0.0,0
0.432,0.0,0.85,0.402,0.556,0.367,0.187,0
0.787,0.453,1.0,0.619,0.306,0.787,0.619,0
0.454,0.25,0.0,0.2,0.534,0.0,0.206,0
0.126,0.85,1.0,0.25,0.717,0.126,0.016,0
0.75,0.85,1.0,0.147,0.278,0.75,0.562,1
0.2,0.3,1.0,0.559,0.049,0.2,0.04,0
0.641,0.0,0.75,0.982,0.54,0.481,0.411,1
0.85,0.419,0.75,0.911,0.446,0.637,0.722,0
0.693,0.3,0.5,0.376,0.36,0.346,0.48,0
0.0,0.0,0.3,0.25,0.568,0.0,0.0,0
0.2,0.5,0.5,0.34,0.499,0.1,0.04,0
0.5,0.021,0.379,0.111,0.843,0.19,0.25,0
0.5,0.941,0.998,0.878,0.059,0.499,0.25,1
0.795,0.75,0.318,0.3,0.829,0.253,0.632,0
0.85,0.328,0.5,0.852,0.872,0.425,0.722,0
0.0,0.791,0.167,0.85,0.449,0.0,0.0,0
0.5,1.0,0.495,0.75,0.574,0.247,0.25,0
0.207,0.452,0.25,0.75,0.514,0.052,0.043,0
0.2,0.0,1.0,0.2,0.419,0.2,0.04,0
1.0,0.85,0.317,0.3,0.398,0.317,1.0,1
0.0,1.0,0.2,0.927,0.089,0.0,0.0,0
0.25,0.5,0.5,1.0,0.898,0.125,0.062,0
0.74,0.009,0.5,0.404,0.365,0.37,0.548,0
0.472,0.3,0.228,0.21,0.21,0.108,0.223,0
1.0,0.461,0.313,0.75,0.189,0.313,1.0,0
0.85,0.25,0.0,0.85,0.306,0.0,0.722,0
0.403,0.538,0.0,0.2,0.83,0.0,0.162,0
0.33,0.603,0.867,0.204,0.352,0.286,0.109,0
0.0,0.75,0.305,1.0,0.16,0.0,0.0,0
0.027,0.75,0.25,1.0,0.063,0.007,0.001,0
0.3,0.75,0.2,0.75,0.43,0.06,0.09,1
0.866,0.25,0.75,1.0,0.845,0.649,0.75,1
1.0,0.0,0.446,0.605,0.222,0.446,1.0,1
1.0,0.2,0.288,0.456,0.63,0.288,1.0,0
1.0,0.85,0.3,0.733,0.412,0.3,1.0,0
1.0,0.0,0.25,1.0,0.263,0.25,1.0,0
0.722,0.75,0.2,0.077,0.095,0.144,0.521,0
0.75,0.25,1.0,0.75,0.343,0.75,0.562,1
0.397,0.0,0.136,0.464,0.415,0.054,0.158,0
0.714,1.0,0.842,0.0,0.546,0.601,0.51,1
0.75,0.0,0.153,0.3,0.643,0.115,0.562,0
1.0,0.837,0.641,0.897,0.352,0.641,1.0,1
0.0,0.75,0.929,0.3,0.18,0.0,0.0,0
0.0,0.25,0.063,0.097,0.752,0.0,0.0,0
0.044,0.85,0.25,0.934,0.356,0.011,0.002,0
0.0,0.3,0.5,0.25,0.413,0.0,0.0,0
0.65,0.2,0.411,0.5,0.891,0.267,0.423,0
0.922,0.85,0.6,0.696,0.61,0.553,0.85,0
0.332,0.884,0.75,0.0,0.548,0.249,0.11,0
0.3,0.2,1.0,0.124,0.213,0.3,0.09,0
0.0,0.5,0.3,0.25,0.578,0.0,0.0,0
0.989,0.85,0.5,0.76,0.469,0.494,0.978,0
0.288,0.5,0.25,0.3,0.721,0.072,0.083,0
0.75,0.3,0.2,0.75,0.063,0.15,0.562,1
0.142,0.0,1.0,0.932,0.213,0.142,0.02,0
0.311,0.245,0.25,1.0,0.403,0.078,0.097,0
0.75,0.5,0.3,1.0,0.455,0.225,0.562,0
0.82,0.02,0.2,0.922,0.536,0.164,0.672,1
0.257,1.0,1.0,0.072,0.123,0.257,0.066,0
0.25,1.0,0.374,1.0,0.846,0.093,0.062,0
1.0,1.0,0.0,0.124,0.839,0.0,1.0,1
0.957,0.752,0.75,0.368,0.052,0.718,0.916,1
0.3,0.0,0.361,0.028,0.599,0.108,0.09,0
0.944,0.25,0.952,0.012,0.694,0.899,0.891,1
0.398,0.2,0.3,0.166,0.384,0.119,0.158,0
1.0,1.0,0.924,0.109,0.515,0.924,1.0,1
0.269,0.75,0.006,0.75,0.001,0.002,0.072,0
0.525,0.733,0.5,0.25,0.178,0.263,0.276,1
0.451,0.186,0.25,0.192,0.885,0.113,0.203,0
0.2,0.166,0.75,0.0,0.308,0.15,0.04,0
0.2,0.5,0.007,0.2,0.087,0.001,0.04,0
1.0,0.85,0.473,0.75,0.303,0.473,1.0,1
0.5,0.941,0.378,0.5,0.786,0.189,0.25,0
0.75,0.888,1.0,1.0,0.252,0.75,0.562,1
0.368,0.659,1.0,0.003,0.574,0.368,0.135,0
0.5,0.97,0.678,0.75,0.36,0.339,0.25,1
0.75,0.941,0.2,0.294,0.176,0.15,0.562,1
0.2,0.0,1.0,0.467,0.807,0.2,0.04,0
0.3,0.25,0.66,0.75,0.894,0.198,0.09,1
0.327,0.85,0.5,0.952,0.604,0.164,0.107,0
0.634,0.85,0.932,0.601,0.58,0.591,0.402,1
0.736,1.0,0.224,0.0,0.1,0.165,0.542,0
0.3,0.116,0.85,0.577,0.002,0.255,0.09,1
1.0,0.32,0.3,0.3,0.096,0.3,1.0,1
0.316,0.297,0.75,0.5,0.131,0.237,0.1,0
0.703,0.85,0.2,1.0,0.43,0.141,0.494,0
1.0,0.5,0.25,0.934,0.203,0.25,1.0,0
0.776,0.727,0.25,0.548,0.304,0.194,0.602,0
0.758,0.85,0.25,0.548,0.088,0.19,0.575,1
0.866,0.5,0.3,1.0,0.626,0.26,0.75,1
0.25,0.196,0.362,0.102,0.707,0.09,0.062,0
1.0,0.168,0.5,0.18,0.047,0.5,1.0,0
0.593,0.627,0.2,0.75,0.44,0.119,0.352,0
0.653,0.2,0.865,0.275,0.588,0.565,0.426,1
0.0,1.0,1.0,1.0,0.246,0.0,0.0,0
0.181,1.0,0.25,0.0,0.642,0.045,0.033,0
1.0,0.02,1.0,1.0,0.485,1.0,1.0,1
0.754,0.0,1.0,0.005,0.403,0.754,0.569,1
1.0,0.25,0.5,0.035,0.882,0.5,1.0,1
0.3,0.2,0.0,0.519,0.705,0.0,0.09,0
1.0,0.523,0.352,0.3,0.619,0.352,1.0,0
0.0,0.5,0.215,1.0,0.194,0.0,0.0,0
1.0,0.85,0.25,0.2,0.85,0.25,1.0,0
0.143,0.5,0.697,0.5,0.507,0.1,0.02,0
0.3,0.3,0.75,0.3,0.07,0.225,0.09,0
1.0,0.85,0.363,0.5,0.132,0.363,1.0,0
0.0,0.3,0.2,0.124,0.474,0.0,0.0,0
1.0,0.5,0.865,0.2,0.807,0.865,1.0,1
0.39,1.0,1.0,0.3,0.233,0.39,0.152,0
0.658,1.0,0.053,0.974,0.637,0.035,0.433,1
0.707,0.5,0.502,0.75,0.469,0.355,0.5,1
0.229,0.087,0.5,0.635,0.069,0.115,0.052,0
1.0,0.5,1.0,0.011,0.854,1.0,1.0,1
0.136,0.2,0.3,0.746,0.643,0.041,0.018,0
0.244,0.951,0.88,0.2,0.547,0.215,0.06,0
0.882,0.3,0.5,0.514,0.857,0.441,0.778,1
0.85,0.338,0.832,0.858,0.261,0.707,0.722,1
0.0,0.569,0.5,0.959,0.464,0.0,0.0,0
0.892,0.057,0.75,0.5,0.096,0.669,0.796,1
0.402,0.75,0.2,0.3,0.37,0.08,0.162,0
0.5,0.75,0.85,0.3,0.483,0.425,0.25,1
0.656,0.3,1.0,0.25,0.1,0.656,0.43,1
0.75,0.901,0.25,0.96,0.885,0.188,0.562,1
1.0,0.714,0.75,1.0,0.118,0.75,1.0,1
0.126,0.0,0.237,0.342,0.879,0.03,0.016,0
0.85,0.0,0.248,1.0,0.168,0.211,0.722,0
0.5,0.247,0.198,0.81,0.631,0.099,0.25,0
1.0,0.149,0.75,0.25,0.836,0.75,1.0,1
0.091,0.75,0.3,0.75,0.431,0.027,0.008,0
0.304,0.5,0.712,0.0,0.164,0.216,0.092,1
0.322,0.5,0.101,0.75,0.327,0.033,0.104,0
0.0,0.77,0.5,0.361,0.701,0.0,0.0,0
0.85,0.75,0.0,1.0,0.108,0.0,0.722,0
0.654,0.75,0.075,0.85,0.271,0.049,0.428,1
0.534,0.25,1.0,0.892,0.683,0.534,0.285,0
0.85,0.448,0.911,0.75,0.471,0.774,0.722,0
0.167,0.25,1.0,0.25,0.667,0.167,0.028,0
0.87,0.166,0.384,0.401,0.244,0.334,0.757,1
0.25,0.2,0.791,0.85,0.273,0.198,0.062,0
0.552,0.0,0.85,0.25,0.848,0.469,0.305,1
0.0,0.249,0.535,0.5,0.569,0.0,0.0,0
1.0,0.25,0.85,0.0,0.563,0.85,1.0,1
0.85,0.0,0.2,0.688,0.851,0.17,0.722,1
0.604,0.75,0.5,0.75,0.14,0.302,0.365,1
0.369,0.094,0.25,0.176,0.513,0.092,0.136,0
0.5,0.25,0.817,0.188,0.129,0.408,0.25,0
1.0,1.0,0.0,0.378,0.019,0.0,1.0,0
0.644,0.25,0.268,0.6,0.713,0.173,0.415,1
0.542,0.853,0.25,1.0,0.734,0.136,0.294,1
0.3,0.5,0.123,0.103,0.267,0.037,0.09,0
0.142,0.024,0.3,0.85,0.203,0.043,0.02,0
0.2,0.2,0.5,0.85,0.107,0.1,0.04,0
0.896,0.178,0.3,0.15,0.601,0.269,0.803,0
0.348,0.75,0.933,0.711,0.069,0.325,0.121,1
0.149,0.32,1.0,0.113,0.385,0.149,0.022,0
0.5,0.182,0.85,1.0,0.624,0.425,0.25,1
0.333,0.654,0.75,1.0,0.479,0.25,0.111,0
1.0,0.3,0.235,0.0,0.326,0.235,1.0,0
0.0,0.5,0.3,0.25,0.752,0.0,0.0,0
0.421,0.25,0.25,0.25,0.34,0.105,0.177,1
0.372,0.663,1.0,0.03,0.329,0.372,0.138,1
1.0,0.416,0.47,1.0,0.629,0.47,1.0,1
0.85,0.2,0.25,0.0,0.544,0.212,0.722,1
0.75,0.68,0.554,0.919,0.452,0.416,0.562,1
0.3,0.0,0.3,0.4,0.05,0.09,0.09,0
0.976,0.077,0.477,0.405,0.342,0.466,0.953,1
1.0,0.0,0.5,0.847,0.025,0.5,1.0,1
0.2,0.0,0.309,0.2,0.216,0.062,0.04,0
0.2,1.0,0.5,0.5,0.008,0.1,0.04,0
0.75,0.85,0.726,0.703,0.088,0.544,0.562,1
0.101,0.15,1.0,0.2,0.261,0.101,0.01,0
0.2,0.232,0.25,0.161,0.867,0.05,0.04,0
0.651,0.341,0.339,1.0,0.036,0.221,0.424,0
0.239,0.607,0.567,0.097,0.013,0.136,0.057,0
0.0,1.0,0.5,0.5,0.519,0.0,0.0,0
0.75,0.75,0.763,0.3,0.846,0.572,0.562,0
0.85,0.401,0.917,0.5,0.461,0.779,0.722,1
0.0,0.506,0.0,0.644,0.667,0.0,0.0,0
0.008,0.291,0.75,0.223,0.787,0.006,0.0,0
0.75,0.9,0.2,0.0,0.826,0.15,0.562,0
0.199,0.5,1.0,1.0,0.103,0.199,0.04,0
1.0,0.25,0.0,0.774,0.056,0.0,1.0,0
0.979,0.25,0.953,0.27,0.572,0.933,0.958,1
0.75,0.75,0.525,0.259,0.747,0.394,0.562,1
0.342,0.165,0.75,0.3,0.869,0.257,0.117,0
0.57,0.561,0.199,0.578,0.13,0.113,0.325,0
0.734,0.733,0.75,0.499,0.285,0.55,0.539,1
0.263,0.988,0.857,0.639,0.521,0.225,0.069,1
0.188,0.774,0.216,0.25,0.875,0.041,0.035,0
0.5,0.5,0.2,0.649,0.41,0.1,0.25,0
1.0,0.85,0.25,0.85,0.159,0.25,1.0,0
1.0,0.75,0.702,0.906,0.089,0.702,1.0,1
0.09,0.75,1.0,0.1,0.4,0.09,0.008,0
0.5,0.212,0.552,0.75,0.855,0.276,0.25,1
0.464,0.645,0.396,0.782,0.457,0.184,0.215,1
0.307,0.909,0.004,0.033,0.024,0.001,0.094,0
0.519,0.317,1.0,0.242,0.876,0.519,0.269,1
0.829,0.578,0.75,0.174,0.814,0.622,0.687,1
0.2,0.126,1.0,0.843,0.565,0.2,0.04,0
0.85,0.0,0.0,0.593,0.025,0.0,0.722,0
0.079,0.3,0.634,0.187,0.587,0.05,0.006,0
0.25,0.807,0.85,0.275,0.841,0.212,0.062,0
0.579,0.75,0.123,0.5,0.805,0.071,0.335,1
0.85,0.208,0.0,1.0,0.863,0.0,0.722,1
0.375,0.75,0.18,0.25,0.594,0.068,0.141,0
0.117,0.5,0.2,0.5,0.834,0.023,0.014,0
0.0,0.3,0.5,0.25,0.027,0.0,0.0,0
0.25,0.75,0.0,1.0,0.587,0.0,0.062,0
0.436,0.922,0.25,0.887,0.253,0.109,0.19,1
0.85,0.25,0.488,0.424,0.672,0.415,0.722,0
0.607,0.85,0.2,0.2,0.862,0.121,0.368,1
0.85,0.2,0.5,0.3,0.322,0.425,0.722,1
0.372,0.122,0.0,0.214,0.511,0.0,0.138,0
0.0,0.3,0.2,0.2,0.517,0.0,0.0,0
0.435,0.198,0.75,0.85,0.379,0.326,0.189,1
0.5,0.3,0.85,1.0,0.889,0.425,0.25,0
0.75,1.0,0.039,0.069,0.086,0.029,0.562,0
0.275,0.4,0.85,0.2,0.354,0.234,0.076,0
0.2,0.938,0.25,0.0,0.125,0.05,0.04,0
0.724,0.0,0.5,0.538,0.004,0.362,0.524,0
0.0,0.5,0.5,0.792,0.342,0.0,0.0,0
0.583,0.5,0.753,0.966,0.372,0.439,0.34,1
1.0,0.75,0.976,0.75,0.203,0.976,1.0,1
0.0,0.3,0.735,0.0,0.068,0.0,0.0,0
0.25,1.0,0.0,1.0,0.685,0.0,0.062,0
0.5,0.655,0.106,0.5,0.347,0.053,0.25,0
0.203,0.2,0.25,0.951,0.52,0.051,0.041,0
0.2,0.241,0.187,1.0,0.407,0.037,0.04,0
0.084,0.3,1.0,0.2,0.397,0.084,0.007,0
0.75,0.423,0.75,0.5,0.477,0.562,0.562,1
0.2,0.959,0.0,0.575,0.215,0.0,0.04,0
1.0,0.405,0.3,0.88,0.241,0.3,1.0,1
0.348,1.0,0.0,1.0,0.817,0.0,0.121,0
0.853,0.17,0.167,0.75,0.128,0.142,0.728,1
0.85,0.5,0.171,0.01,0.317,0.145,0.722,0
0.25,0.2,0.567,0.835,0.473,0.142,0.062,0
0.0,0.5,0.85,0.257,0.438,0.0,0.0,0
0.5,0.5,0.775,0.902,0.536,0.388,0.25,1
0.728,0.75,0.659,0.75,0.028,0.48,0.53,1
0.431,0.0,0.75,0.965,0.789,0.323,0.186,0
0.449,0.527,0.5,0.391,0.376,0.225,0.202,0
0.0,0.85,0.123,0.567,0.713,0.0,0.0,0
0.0,0.3,0.3,0.85,0.561,0.0,0.0,0
0.5,0.5,0.0,1.0,0.111,0.0,0.25,0
0.5,0.001,0.5,0.785,0.452,0.25,0.25,0
0.2,0.143,0.432,0.291,0.029,0.086,0.04,0
0.75,0.2,0.92,0.3,0.508,0.69,0.562,1
1.0,0.25,0.75,0.85,0.274,0.75,1.0,1
0.461,0.75,1.0,0.85,0.453,0.461,0.213,1
0.85,1.0,0.461,0.026,0.69,0.392,0.722,1
0.5,0.58,0.85,0.75,0.113,0.425,0.25,0
1.0,0.085,0.0,0.0,0.74,0.0,1.0,0
0.864,1.0,0.739,0.25,0.465,0.638,0.746,1
0.136,0.64,0.5,0.937,0.725,0.068,0.018,0
0.0,1.0,0.52,0.0,0.426,0.0,0.0,0
0.2,0.3,0.3,0.842,0.492,0.06,0.04,0
0.859,0.432,0.185,0.657,0.154,0.159,0.738,0
1.0,0.85,0.959,0.85,0.352,0.959,1.0,1
0.75,0.148,0.0,0.2,0.522,0.0,0.562,1
0.657,0.85,0.468,0.277,0.884,0.307,0.432,1
0.503,1.0,0.2,0.25,0.317,0.101,0.253,0
0.25,0.5,0.068,0.484,0.866,0.017,0.062,0
1.0,0.525,0.5,0.85,0.526,0.5,1.0,1
0.0,0.159,0.0,1.0,0.291,0.0,0.0,0
0.917,0.105,0.728,1.0,0.83,0.668,0.841,1
0.0,0.073,0.607,0.924,0.289,0.0,0.0,0
0.3,0.75,0.85,0.25,0.391,0.255,0.09,0
0.086,0.0,0.25,0.36,0.367,0.021,0.007,0
0.25,0.958,0.528,0.25,0.513,0.132,0.062,0
0.3,0.439,0.874,0.3,0.704,0.262,0.09,0
0.25,1.0,0.25,0.29,0.745,0.062,0.062,0
0.3,0.075,0.85,0.2,0.491,0.255,0.09,0
0.85,0.032,0.3,0.0,0.125,0.255,0.722,0
0.924,0.878,0.0,0.564,0.549,0.0,0.854,0
0.346,0.75,0.2,0.479,0.117,0.069,0.12,0
0.75,0.85,0.85,0.876,0.205,0.637,0.562,0
0.25,1.0,0.738,0.2,0.348,0.184,0.062,0
0.75,0.2,0.85,0.85,0.393,0.637,0.562,1
1.0,0.75,0.888,0.568,0.892,0.888,1.0,1
0.813,0.25,0.85,0.5,0.542,0.691,0.661,0
0.13,0.2,0.076,0.206,0.635,0.01,0.017,0
0.859,0.85,0.78,0.25,0.474,0.67,0.738,1
0.503,0.75,0.622,0.25,0.821,0.313,0.253,0
0.85,0.211,0.3,0.25,0.629,0.255,0.722,0
0.2,0.0,1.0,0.2,0.054,0.2,0.04,0
0.2,0.385,0.25,1.0,0.479,0.05,0.04,0
0.5,0.91,0.336,0.263,0.678,0.168,0.25,1
1.0,1.0,0.929,0.807,0.498,0.929,1.0,1
0.287,0.535,0.85,0.75,0.421,0.244,0.082,0
0.0,0.5,0.25,0.296,0.514,0.0,0.0,0
0.5,0.782,0.608,1.0,0.595,0.304,0.25,0
0.444,0.0,0.85,0.3,0.368,0.377,0.197,0
1.0,0.2,0.85,0.276,0.782,0.85,1.0,1
0.147,0.05,0.0,1.0,0.775,0.0,0.022,0
0.25,0.5,0.016,0.849,0.486,0.004,0.062,0
0.0,0.75,0.0,0.5,0.513,0.0,0.0,0
0.071,0.85,0.5,0.36,0.878,0.035,0.005,0
0.85,0.16,0.25,0.026,0.548,0.212,0.722,0
0.85,0.379,0.3,0.2,0.86,0.255,0.722,0
0.565,0.63,0.539,1.0,0.718,0.305,0.319,1
0.52,0.25,0.293,0.25,0.719,0.152,0.27,0
0.5,0.115,0.75,0.85,0.504,0.375,0.25,1
1.0,0.449,0.3,0.245,0.818,0.3,1.0,0
0.606,0.342,0.75,0.3,0.518,0.455,0.367,0
0.9,0.016,0.5,0.711,0.423,0.45,0.81,1
0.834,0.25,0.132,0.919,0.814,0.11,0.696,0
0.3,0.119,0.898,0.2,0.895,0.269,0.09,1
0.355,1.0,0.741,1.0,0.63,0.263,0.126,0
0.59,0.509,0.0,0.85,0.607,0.0,0.348,0
0.25,0.85,0.097,0.5,0.043,0.024,0.062,0
1.0,0.75,0.25,0.042,0.851,0.25,1.0,0
0.431,1.0,0.5,0.0,0.259,0.215,0.186,0
0.25,0.5,0.753,0.666,0.127,0.188,0.062,0
0.755,0.0,0.54,0.007,0.749,0.408,0.57,1
1.0,1.0,1.0,0.0,0.645,1.0,1.0,1
0.75,0.2,0.993,0.116,0.318,0.745,0.562,1
0.727,1.0,0.75,0.513,0.699,0.545,0.529,1
0.0,0.85,1.0,0.878,0.032,0.0,0.0,0
0.25,0.3,0.265,0.25,0.66,0.066,0.062,0
0.0,0.857,0.003,1.0,0.55,0.0,0.0,0
0.5,0.631,0.5,0.3,0.79,0.25,0.25,0
0.668,1.0,1.0,0.25,0.101,0.668,0.446,0
0.287,0.325,0.116,0.85,0.595,0.033,0.082,0
0.3,0.484,0.489,0.3,0.026,0.147,0.09,0
0.75,0.5,0.5,1.0,0.383,0.375,0.562,1
0.75,0.34,0.309,0.3,0.482,0.232,0.562,0
1.0,0.129,0.2,0.09,0.634,0.2,1.0,0
0.553,0.519,0.3,0.838,0.356,0.166,0.306,0
0.25,0.332,0.25,0.036,0.018,0.062,0.062,0
0.75,0.042,0.0,0.25,0.03,0.0,0.562,0
0.378,0.85,0.077,1.0,0.018,0.029,0.143,0
0.3,1.0,0.194,0.312,0.291,0.058,0.09,0
0.5,0.2,1.0,0.85,0.387,0.5,0.25,1
0.85,0.3,1.0,0.951,0.686,0.85,0.722,1
0.2,0.3,1.0,0.85,0.299,0.2,0.04,0
0.095,0.75,0.2,1.0,0.754,0.019,0.009,0
0.761,0.75,0.5,0.834,0.033,0.381,0.579,1
0.2,0.25,0.795,0.85,0.864,0.159,0.04,0
1.0,0.2,0.426,0.25,0.681,0.426,1.0,1
0.166,0.2,0.75,1.0,0.126,0.124,0.028,0
0.2,0.75,0.72,0.271,0.29,0.144,0.04,0
0.3,1.0,0.803,0.371,0.544,0.241,0.09,0
0.5,0.72,0.135,1.0,0.009,0.068,0.25,0
0.0,0.006,0.199,0.75,0.298,0.0,0.0,0
0.3,1.0,0.345,0.25,0.247,0.103,0.09,0
0.584,1.0,0.934,0.3,0.07,0.545,0.341,1
0.28,0.0,1.0,1.0,0.297,0.28,0.078,0
0.85,0.737,0.909,0.0,0.705,0.773,0.722,0
1.0,0.25,0.2,0.0,0.123,0.2,1.0,0
1.0,1.0,0.241,1.0,0.636,0.241,1.0,1
0.317,1.0,0.955,0.834,0.64,0.303,0.1,0
1.0,0.251,0.75,0.178,0.78,0.75,1.0,1
0.346,0.3,0.3,0.995,0.176,0.104,0.12,0
1.0,0.0,0.916,0.2,0.546,0.916,1.0,1
0.75,0.85,0.0,0.823,0.777,0.0,0.562,0
0.632,1.0,0.648,0.2,0.034,0.41,0.399,1
0.153,0.871,0.75,0.119,0.399,0.115,0.023,0
1.0,0.25,0.737,0.5,0.808,0.737,1.0,1
0.722,0.2,0.403,0.67,0.058,0.291,0.521,0
0.85,0.75,1.0,1.0,0.368,0.85,0.722,1
0.941,1.0,0.85,0.2,0.51,0.8,0.885,1
0.0,0.0,1.0,0.02,0.152,0.0,0.0,0
0.46,0.943,0.25,0.738,0.279,0.115,0.212,1
0.5,0.5,0.3,0.25,0.159,0.15,0.25,0
0.265,0.85,1.0,0.3,0.033,0.265,0.07,0
0.3,0.434,0.682,0.5,0.63,0.205,0.09,0
0.794,0.25,0.75,0.0,0.465,0.596,0.63,1
1.0,0.85,0.2,0.0,0.567,0.2,1.0,0
0.75,0.85,0.1,0.306,0.42,0.075,0.562,1
1.0,1.0,0.474,0.5,0.541,0.474,1.0,1
0.2,0.877,0.901,1.0,0.383,0.18,0.04,0
0.2,0.25,0.887,0.943,0.179,0.177,0.04,0
0.13,0.0,0.309,0.801,0.413,0.04,0.017,0
0.25,0.25,0.0,0.25,0.393,0.0,0.062,0
1.0,0.374,0.85,1.0,0.618,0.85,1.0,1
0.668,0.706,0.096,0.25,0.36,0.064,0.446,1
0.75,0.2,1.0,1.0,0.16,0.75,0.562,1
0.2,0.752,0.646,0.25,0.04,0.129,0.04,0
0.75,0.426,0.75,0.481,0.235,0.562,0.562,0
0.75,0.834,0.2,0.0,0.59,0.15,0.562,0
0.161,1.0,1.0,0.75,0.38,0.161,0.026,1
0.2,0.802,0.85,0.712,0.76,0.17,0.04,0
0.25,0.532,0.2,0.5,0.853,0.05,0.062,0
1.0,0.728,0.2,0.2,0.109,0.2,1.0,0
0.85,0.5,0.767,0.5,0.161,0.652,0.722,1
0.5,0.0,0.85,0.531,0.357,0.425,0.25,1
0.3,0.633,0.85,0.75,0.62,0.255,0.09,1
0.835,0.524,0.2,0.0,0.132,0.167,0.697,0
0.882,0.2,0.5,0.2,0.166,0.441,0.778,0
0.743,0.75,0.794,0.85,0.554,0.59,0.552,1
0.694,1.0,1.0,0.25,0.249,0.694,0.482,1
0.91,0.273,0.2,0.657,0.247,0.182,0.828,0
0.635,0.25,0.5,1.0,0.259,0.318,0.403,0
0.588,0.329,0.2,0.5,0.312,0.118,0.346,0
1.0,0.25,0.256,1.0,0.871,0.256,1.0,0
0.85,1.0,0.85,0.451,0.421,0.722,0.722,1
0.85,1.0,0.023,0.556,0.442,0.02,0.722,1
0.132,0.85,0.25,0.0,0.514,0.033,0.017,0
0.75,0.85,0.418,0.85,0.693,0.314,0.562,1
0.687,0.636,1.0,0.75,0.445,0.687,0.472,1
0.449,0.178,1.0,0.763,0.591,0.449,0.202,0
1.0,0.974,0.2,0.139,0.558,0.2,1.0,0
1.0,0.325,1.0,0.684,0.857,1.0,1.0,1
0.79,0.3,0.161,0.3,0.158,0.127,0.624,0
0.323,0.0,0.75,1.0,0.891,0.242,0.104,0
0.5,1.0,0.872,0.245,0.65,0.436,0.25,1
0.682,1.0,0.07,0.85,0.795,0.048,0.465,1
0.607,0.715,0.2,0.75,0.745,0.121,0.368,0
0.75,0.512,0.429,0.25,0.762,0.322,0.562,0
0.2,0.366,0.142,0.75,0.189,0.028,0.04,0
0.074,0.492,0.5,0.75,0.298,0.037,0.005,0
0.5,0.3,0.5,0.5,0.507,0.25,0.25,0
0.25,0.85,1.0,0.154,0.725,0.25,0.062,0
0.859,0.25,0.25,0.3,0.526,0.215,0.738,1
0.745,0.406,0.17,0.25,0.528,0.127,0.555,0
1.0,0.485,1.0,1.0,0.807,1.0,1.0,1
0.342,0.25,1.0,0.789,0.585,0.342,0.117,0
0.2,0.846,0.524,0.25,0.327,0.105,0.04,0
0.952,0.85,0.2,0.056,0.51,0.19,0.906,1
0.25,0.651,0.75,1.0,0.239,0.188,0.062,0
0.733,0.906,0.5,0.25,0.22,0.366,0.537,1
0.2,0.2,0.0,0.0,0.398,0.0,0.04,0
1.0,0.75,0.0,0.2,0.648,0.0,1.0,0
0.589,0.756,0.252,0.85,0.443,0.148,0.347,1
0.85,0.3,0.249,1.0,0.453,0.212,0.722,0
0.25,0.85,0.51,0.3,0.059,0.128,0.062,0
0.75,1.0,0.194,0.25,0.192,0.146,0.562,0
1.0,0.85,0.21,0.324,0.173,0.21,1.0,1
0.25,0.157,0.981,0.789,0.702,0.245,0.062,0
0.472,0.304,0.5,0.829,0.284,0.236,0.223,0
1.0,0.75,0.75,0.3,0.877,0.75,1.0,1
0.25,0.5,0.5,0.75,0.712,0.125,0.062,0
0.3,0.618,0.85,0.25,0.144,0.255,0.09,0
0.593,0.947,0.39,0.706,0.225,0.231,0.352,0
0.2,0.5,0.5,0.85,0.1,0.1,0.04,0
0.325,0.414,0.25,0.3,0.506,0.081,0.106,0
1.0,0.261,0.85,0.14,0.693,0.85,1.0,1
0.739,0.361,0.747,0.5,0.421,0.552,0.546,1
0.5,0.0,0.75,1.0,0.718,0.375,0.25,0
1.0,1.0,0.96,0.327,0.485,0.96,1.0,1
0.0,0.565,0.781,0.2,0.517,0.0,0.0,0
0.191,0.75,0.466,0.994,0.137,0.089,0.036,0
1.0,1.0,0.739,0.889,0.361,0.739,1.0,1
0.39,0.5,0.85,0.584,0.691,0.332,0.152,0
0.2,0.925,0.715,0.3,0.696,0.143,0.04,0
0.0,0.2,0.54,0.327,0.284,0.0,0.0,0
0.5,0.5,0.25,0.027,0.79,0.125,0.25,0
0.75,0.25,1.0,0.3,0.185,0.75,0.562,1
0.093,1.0,0.122,0.12,0.44,0.011,0.009,0
0.317,0.0,0.36,0.0,0.85,0.114,0.1,1
1.0,0.2,0.85,0.434,0.763,0.85,1.0,1
0.084,0.39,0.85,0.897,0.041,0.071,0.007,0
0.0,0.25,0.75,0.061,0.722,0.0,0.0,0
0.372,0.3,0.3,0.965,0.668,0.112,0.138,0
0.0,0.03,0.75,0.909,0.239,0.0,0.0,0
0.332,0.034,0.914,0.75,0.686,0.303,0.11,0
0.0,0.25,0.0,0.75,0.418,0.0,0.0,0
0.44,0.809,0.75,0.85,0.115,0.33,0.194,0
0.2,0.3,1.0,0.25,0.203,0.2,0.04,0
0.75,1.0,0.25,0.5,0.296,0.188,0.562,0
0.52,0.85,0.132,0.3,0.521,0.069,0.27,0
0.75,0.794,0.014,0.835,0.214,0.011,0.562,0
0.75,0.85,1.0,0.3,0.408,0.75,0.562,1
0.85,0.514,0.25,0.75,0.695,0.212,0.722,0
0.5,0.263,0.427,1.0,0.114,0.213,0.25,1
0.2,0.5,0.5,0.75,0.498,0.1,0.04,0
0.972,1.0,0.25,0.199,0.67,0.243,0.945,0
0.563,0.2,0.363,1.0,0.15,0.204,0.317,1
0.635,0.226,0.716,1.0,0.772,0.455,0.403,1
0.949,1.0,0.894,0.3,0.649,0.848,0.901,1
1.0,0.209,0.594,0.75,0.126,0.594,1.0,1
0.25,0.3,0.391,0.5,0.063,0.098,0.062,0
0.75,1.0,0.152,0.85,0.685,0.114,0.562,1
0.5,1.0,0.75,0.0,0.487,0.375,0.25,1
0.5,0.949,0.5,0.75,0.383,0.25,0.25,1
0.866,0.85,0.0,1.0,0.864,0.0,0.75,0
0.75,0.963,0.2,0.28,0.652,0.15,0.562,1
1.0,0.5,0.083,0.75,0.218,0.083,1.0,0
0.85,0.75,1.0,0.87,0.601,0.85,0.722,1
0.0,0.2,0.239,1.0,0.734,0.0,0.0,0
0.75,0.573,1.0,0.628,0.7,0.75,0.562,1
1.0,0.5,0.75,0.729,0.764,0.75,1.0,1
0.344,0.249,0.2,0.5,0.692,0.069,0.118,0
0.85,0.753,0.172,0.2,0.3,0.146,0.722,0
0.836,0.5,0.0,0.313,0.447,0.0,0.699,1
0.85,0.485,0.75,0.755,0.863,0.637,0.722,1
1.0,1.0,0.56,0.538,0.358,0.56,1.0,1
0.0,0.915,0.852,0.5,0.48,0.0,0.0,0
0.104,0.815,0.294,0.2,0.291,0.031,0.011,0
0.246,0.5,0.25,0.983,0.221,0.061,0.061,0
0.216,0.25,0.858,1.0,0.373,0.185,0.047,0
1.0,1.0,1.0,0.707,0.884,1.0,1.0,1
0.5,0.3,0.5,0.25,0.289,0.25,0.25,0
0.796,0.2,0.784,1.0,0.482,0.624,0.634,1
0.228,1.0,0.224,0.0,0.414,0.051,0.052,0
0.2,0.171,0.2,0.477,0.636,0.04,0.04,0
0.85,0.2,0.491,0.943,0.888,0.417,0.722,1
0.85,1.0,0.508,0.85,0.776,0.432,0.722,0
0.5,0.2,0.53,0.733,0.224,0.265,0.25,0
0.179,0.75,0.332,0.75,0.517,0.059,0.032,0
1.0,1.0,0.5,0.5,0.32,0.5,1.0,1
0.5,0.75,0.5,0.633,0.306,0.25,0.25,0
0.2,0.061,0.85,0.0,0.867,0.17,0.04,0
0.75,1.0,0.2,0.188,0.559,0.15,0.562,1
0.5,0.25,0.3,0.706,0.792,0.15,0.25,1
0.75,0.0,0.888,0.12,0.841,0.666,0.562,0
0.25,0.3,0.498,0.997,0.828,0.124,0.062,0
0.548,1.0,0.669,0.25,0.329,0.367,0.3,1
0.188,0.85,0.75,0.91,0.637,0.141,0.035,0
1.0,0.5,0.563,0.522,0.681,0.563,1.0,1
0.25,0.3,0.75,1.0,0.074,0.188,0.062,0
1.0,1.0,0.5,0.699,0.475,0.5,1.0,1
0.307,0.3,0.739,0.2,0.87,0.227,0.094,0
0.2,0.684,0.3,0.2,0.82,0.06,0.04,0
0.892,0.073,0.25,0.2,0.041,0.223,0.796,0
0.116,0.25,0.915,0.25,0.888,0.106,0.013,0
1.0,0.25,0.85,0.423,0.513,0.85,1.0,1
0.205,0.737,0.0,1.0,0.339,0.0,0.042,0
0.75,0.0,0.395,0.449,0.597,0.296,0.562,0
0.115,0.489,0.5,0.5,0.86,0.058,0.013,0
0.285,1.0,0.0,0.3,0.855,0.0,0.081,0
0.3,0.2,0.2,0.0,0.75,0.06,0.09,0
0.806,1.0,0.3,0.2,0.597,0.242,0.65,0
0.769,0.044,0.25,0.5,0.83,0.192,0.591,0
0.0,0.3,0.506,0.25,0.302,0.0,0.0,0
0.75,0.25,0.288,1.0,0.868,0.216,0.562,1
0.41,0.3,0.322,0.0,0.616,0.132,0.168,1
0.0,0.769,0.25,0.035,0.491,0.0,0.0,0
0.476,1.0,1.0,0.3,0.615,0.476,0.227,1
0.75,0.3,0.85,0.5,0.573,0.637,0.562,1
0.999,0.368,0.5,0.75,0.369,0.499,0.998,1
0.987,0.5,0.75,1.0,0.415,0.74,0.974,1
0.464,0.75,1.0,0.25,0.641,0.464,0.215,1
0.729,0.363,1.0,0.85,0.192,0.729,0.531,1
0.75,1.0,0.3,1.0,0.801,0.225,0.562,0
0.432,0.024,1.0,0.273,0.671,0.432,0.187,0
0.75,0.3,0.5,0.3,0.686,0.375,0.562,1
0.763,0.2,0.787,0.0,0.828,0.6,0.582,0
0.0,0.5,0.25,0.308,0.059,0.0,0.0,0
0.75,0.3,0.0,0.16,0.793,0.0,0.562,1
1.0,1.0,0.281,0.249,0.102,0.281,1.0,0
0.097,0.75,1.0,0.0,0.528,0.097,0.009,0
1.0,0.3,0.2,0.947,0.51,0.2,1.0,0
0.886,0.25,0.677,0.111,0.842,0.6,0.785,0
0.5,0.0,1.0,1.0,0.376,0.5,0.25,1
0.192,1.0,0.023,0.25,0.047,0.004,0.037,0
0.75,0.338,0.75,0.333,0.028,0.562,0.562,0
0.011,0.85,1.0,0.2,0.626,0.011,0.0,0
0.85,0.854,0.407,0.5,0.647,0.346,0.722,1
0.85,0.75,0.085,0.319,0.458,0.072,0.722,1
0.806,0.0,0.0,0.25,0.701,0.0,0.65,0
0.0,0.341,0.07,1.0,0.568,0.0,0.0,0
0.613,0.25,0.0,0.0,0.003,0.0,0.376,0
0.0,0.387,0.193,0.708,0.446,0.0,0.0,0
0.2,0.2,0.25,1.0,0.518,0.05,0.04,0
0.0,0.5,0.228,0.85,0.541,0.0,0.0,0
0.75,0.5,0.531,0.968,0.227,0.398,0.562,1
0.0,0.2,0.818,0.75,0.011,0.0,0.0,0
1.0,0.914,0.606,0.569,0.654,0.606,1.0,1
1.0,0.85,0.313,0.19,0.529,0.313,1.0,1
1.0,0.324,0.945,1.0,0.407,0.945,1.0,1
0.42,0.25,0.381,0.149,0.329,0.16,0.176,0
0.905,0.25,0.0,0.3,0.244,0.0,0.819,1
0.3,1.0,0.25,1.0,0.39,0.075,0.09,0
0.0,0.2,0.5,0.608,0.127,0.0,0.0,0
0.3,0.2,0.632,0.5,0.616,0.19,0.09,0
0.25,0.85,0.807,0.37,0.873,0.202,0.062,0
1.0,0.5,0.91,0.634,0.812,0.91,1.0,1
0.5,0.85,0.902,0.782,0.515,0.451,0.25,0
0.609,0.249,0.2,0.0,0.346,0.122,0.371,1
1.0,0.85,0.75,0.791,0.249,0.75,1.0,1
0.059,0.0,1.0,0.3,0.705,0.059,0.003,0
0.85,0.536,0.646,0.598,0.108,0.549,0.722,1
0.195,0.282,0.423,0.011,0.235,0.082,0.038,0
0.75,0.75,0.993,1.0,0.5,0.745,0.562,1
0.108,0.5,1.0,0.3,0.528,0.108,0.012,0
0.0,0.553,0.85,0.375,0.023,0.0,0.0,0
0.25,0.0,0.324,0.039,0.461,0.081,0.062,0
0.497,0.14,0.25,0.235,0.679,0.124,0.247,0
0.75,0.0,0.2,1.0,0.625,0.15,0.562,0
0.25,0.2,0.869,0.0,0.58,0.217,0.062,0
0.25,0.2,0.25,0.954,0.124,0.062,0.062,0
1.0,0.5,1.0,0.2,0.18,1.0,1.0,1
0.75,0.0,0.85,0.3,0.357,0.637,0.562,1
1.0,1.0,1.0,0.25,0.679,1.0,1.0,1
0.5,0.85,1.0,0.651,0.461,0.5,0.25,1
0.0,0.2,0.874,1.0,0.662,0.0,0.0,0
0.214,0.85,0.2,0.23,0.801,0.043,0.046,0
0.0,0.25,0.86,0.75,0.648,0.0,0.0,0
0.3,0.48,0.3,0.0,0.796,0.09,0.09,0
0.857,0.93,0.75,0.961,0.088,0.643,0.734,1
0.971,0.373,0.0,0.0,0.809,0.0,0.943,1
0.25,0.0,0.932,0.0,0.077,0.233,0.062,0
0.58,0.85,1.0,0.3,0.194,0.58,0.336,1
0.2,1.0,0.2,0.2,0.591,0.04,0.04,0
0.71,0.203,0.5,0.188,0.621,0.355,0.504,0
0.044,1.0,1.0,0.716,0.668,0.044,0.002,0
0.5,1.0,0.85,0.371,0.496,0.425,0.25,1
0.347,0.75,0.85,0.148,0.605,0.295,0.12,0
0.408,0.086,0.25,0.5,0.581,0.102,0.166,0
0.3,0.343,0.983,0.5,0.486,0.295,0.09,0
1.0,0.25,0.396,0.881,0.891,0.396,1.0,0
0.2,1.0,0.165,0.5,0.44,0.033,0.04,0
0.373,0.523,0.219,1.0,0.619,0.082,0.139,0
0.75,0.25,0.893,0.8,0.446,0.67,0.562,0
0.307,0.303,0.0,0.191,0.015,0.0,0.094,0
0.0,0.75,0.422,1.0,0.01,0.0,0.0,0
0.5,0.75,0.92,0.593,0.611,0.46,0.25,0
0.85,0.75,0.384,0.2,0.38,0.326,0.722,0
0.949,0.995,1.0,0.087,0.227,0.949,0.901,1
0.0,0.85,0.75,0.5,0.497,0.0,0.0,0
1.0,0.25,0.2,0.444,0.452,0.2,1.0,0
0.388,0.654,1.0,1.0,0.442,0.388,0.151,0
0.25,1.0,0.0,0.969,0.069,0.0,0.062,0
0.75,0.807,0.772,0.25,0.201,0.579,0.562,0
1.0,0.75,0.948,0.25,0.125,0.948,1.0,1
0.563,0.85,0.43,0.898,0.331,0.242,0.317,1
0.2,1.0,0.067,0.5,0.427,0.013,0.04,0
0.25,0.25,0.25,0.446,0.897,0.062,0.062,0
0.0,0.656,0.2,0.3,0.182,0.0,0.0,0
0.391,0.2,0.5,0.2,0.273,0.196,0.153,0
0.25,0.801,0.75,0.3,0.089,0.188,0.062,0
0.541,0.146,1.0,0.0,0.43,0.541,0.293,0
0.25,0.75,0.362,0.5,0.366,0.09,0.062,0
0.5,0.028,0.931,0.3,0.674,0.466,0.25,1
0.79,0.646,0.157,0.85,0.447,0.124,0.624,1
1.0,0.0,0.777,0.04,0.25,0.777,1.0,1
0.987,1.0,0.919,0.47,0.439,0.907,0.974,1
0.59,0.3,0.2,0.975,0.479,0.118,0.348,0
0.5,0.875,0.3,0.5,0.816,0.15,0.25,0
0.5,0.5,1.0,1.0,0.381,0.5,0.25,1
0.891,0.5,0.5,0.553,0.184,0.446,0.794,1
0.2,0.876,0.206,0.83,0.165,0.041,0.04,0
0.3,0.85,0.459,0.5,0.545,0.138,0.09,1
0.813,0.003,0.5,0.455,0.892,0.406,0.661,1
1.0,0.85,0.75,0.49,0.097,0.75,1.0,1
0.25,0.5,0.994,0.0,0.25,0.248,0.062,0
0.0,0.687,1.0,0.0,0.304,0.0,0.0,0
0.75,0.25,0.571,1.0,0.318,0.428,0.562,1
1.0,0.25,0.75,1.0,0.016,0.75,1.0,1
0.85,0.125,0.75,0.75,0.549,0.637,0.722,0
0.279,0.5,1.0,0.3,0.09,0.279,0.078,0
0.443,0.384,0.38,0.85,0.185,0.168,0.196,0
0.85,0.75,1.0,0.607,0.336,0.85,0.722,1
0.699,1.0,0.5,0.85,0.224,0.349,0.489,1
1.0,0.961,0.563,0.065,0.642,0.563,1.0,1
0.85,1.0,1.0,0.089,0.229,0.85,0.722,1
0.85,0.3,1.0,0.599,0.729,0.85,0.722,1
0.365,0.09,0.092,0.05,0.071,0.034,0.133,0
0.85,0.75,0.25,0.5,0.15,0.212,0.722,1
0.621,0.3,0.75,0.895,0.213,0.466,0.386,0
0.0,0.0,0.25,1.0,0.498,0.0,0.0,0
1.0,0.246,0.25,0.513,0.019,0.25,1.0,0
0.25,0.75,0.25,1.0,0.751,0.062,0.062,0
0.25,0.2,0.162,0.042,0.885,0.041,0.062,0
1.0,0.678,1.0,0.467,0.583,1.0,1.0,1
0.577,0.405,0.75,0.75,0.114,0.433,0.333,1
0.5,0.116,0.383,0.0,0.283,0.192,0.25,0
0.75,0.75,0.3,0.302,0.22,0.225,0.562,1
0.75,0.75,1.0,0.3,0.417,0.75,0.562,1
0.25,0.923,0.0,1.0,0.798,0.0,0.062,0
0.5,1.0,0.75,0.5,0.174,0.375,0.25,0
0.0,1.0,0.0,0.85,0.022,0.0,0.0,0
0.46,0.285,1.0,1.0,0.683,0.46,0.212,1
0.2,0.153,0.33,0.731,0.572,0.066,0.04,0
0.196,0.276,0.0,0.25,0.175,0.0,0.038,0
0.3,0.85,0.211,0.163,0.034,0.063,0.09,0
0.219,0.166,0.114,0.812,0.308,0.025,0.048,0
1.0,0.258,0.85,0.327,0.14,0.85,1.0,1
0.52,1.0,0.245,0.434,0.245,0.127,0.27,0
0.75,1.0,0.5,0.25,0.5,0.375,0.562,1
0.25,0.3,0.697,1.0,0.668,0.174,0.062,0
0.0,1.0,0.2,0.926,0.051,0.0,0.0,0
1.0,0.2,0.5,0.25,0.438,0.5,1.0,0
0.396,0.75,0.286,0.165,0.143,0.113,0.157,0
0.2,0.0,0.008,1.0,0.807,0.002,0.04,0
0.697,0.0,0.25,0.5,0.885,0.174,0.486,0
0.827,0.2,0.5,0.0,0.897,0.413,0.684,1
0.0,0.192,0.75,0.49,0.241,0.0,0.0,0
0.072,0.139,0.85,1.0,0.087,0.061,0.005,0
0.032,0.665,0.81,0.85,0.264,0.026,0.001,0
0.3,0.847,0.211,0.3,0.033,0.063,0.09,1
0.148,0.126,0.282,0.5,0.521,0.042,0.022,0
0.2,0.668,0.729,0.25,0.806,0.146,0.04,0
1.0,0.0,0.5,1.0,0.417,0.5,1.0,0
0.863,0.85,0.707,0.958,0.676,0.61,0.745,1
0.25,0.416,0.85,0.25,0.216,0.212,0.062,0
0.907,0.418,0.632,0.8,0.336,0.573,0.823,1
0.3,0.5,0.858,0.273,0.352,0.257,0.09,0
0.3,0.2,0.85,1.0,0.04,0.255,0.09,0
0.2,1.0,0.914,0.231,0.284,0.183,0.04,0
0.85,0.852,0.668,1.0,0.239,0.568,0.722,1
0.75,0.0,0.2,0.274,0.733,0.15,0.562,0
0.85,0.663,0.3,0.85,0.702,0.255,0.722,0
0.389,0.177,0.014,0.85,0.582,0.005,0.151,0
0.25,0.731,0.5,0.416,0.815,0.125,0.062,0
0.0,0.289,0.692,0.076,0.14,0.0,0.0,0
0.954,0.5,0.113,0.2,0.45,0.108,0.91,0
0.2,0.85,0.356,0.25,0.349,0.071,0.04,0
0.725,0.62,0.766,0.162,0.308,0.555,0.526,1
0.194,0.757,0.85,0.793,0.389,0.165,0.038,0
0.402,1.0,0.773,0.067,0.894,0.311,0.162,1
0.913,1.0,0.85,0.0,0.033,0.776,0.834,1
0.2,0.934,0.416,0.97,0.776,0.083,0.04,0
0.595,0.2,1.0,0.85,0.108,0.595,0.354,0
0.638,1.0,0.293,0.055,0.27,0.187,0.407,0
0.5,0.999,0.75,0.975,0.327,0.375,0.25,1
0.407,0.5,0.0,0.931,0.543,0.0,0.166,0
0.2,0.768,0.0,0.25,0.524,0.0,0.04,0
0.5,0.55,0.2,0.549,0.52,0.1,0.25,0
1.0,0.1,0.2,0.75,0.084,0.2,1.0,0
0.137,1.0,0.75,0.5,0.365,0.103,0.019,0
1.0,0.248,0.25,0.569,0.78,0.25,1.0,0
0.25,0.127,0.822,0.239,0.367,0.205,0.062,0
0.577,0.842,0.3,0.25,0.552,0.173,0.333,1
0.293,1.0,0.85,1.0,0.771,0.249,0.086,0
1.0,0.0,0.3,0.691,0.519,0.3,1.0,0
0.3,0.0,0.25,0.731,0.616,0.075,0.09,0
0.0,0.3,0.83,0.0,0.307,0.0,0.0,0
0.0,0.325,0.85,0.3,0.772,0.0,0.0,0
0.3,0.858,0.49,0.437,0.227,0.147,0.09,0
0.0,0.524,0.0,0.141,0.251,0.0,0.0,0
1.0,0.75,0.25,0.85,0.756,0.25,1.0,0
0.75,0.25,0.25,0.385,0.888,0.188,0.562,0
0.145,0.5,0.2,1.0,0.72,0.029,0.021,0
1.0,0.107,0.252,1.0,0.77,0.252,1.0,0
0.922,0.977,0.0,1.0,0.378,0.0,0.85,1
0.3,0.5,0.425,0.272,0.18,0.128,0.09,0
0.602,0.2,0.3,0.325,0.772,0.181,0.362,0
0.532,1.0,0.016,1.0,0.806,0.009,0.283,1
0.205,0.2,1.0,0.3,0.199,0.205,0.042,0
0.2,1.0,0.85,0.89,0.804,0.17,0.04,0
0.612,0.5,0.537,0.761,0.04,0.329,0.375,0
0.2,0.49,0.796,0.1,0.453,0.159,0.04,0
0.2,0.85,0.753,0.3,0.024,0.151,0.04,0
0.021,0.25,0.234,0.25,0.176,0.005,0.0,0
0.75,0.75,0.25,0.25,0.33,0.188,0.562,0
0.835,0.2,0.159,0.3,0.337,0.133,0.697,0
0.893,0.25,0.25,1.0,0.206,0.223,0.797,0
1.0,0.884,0.85,0.157,0.897,0.85,1.0,1
1.0,1.0,0.5,0.926,0.718,0.5,1.0,1
0.5,1.0,0.875,0.25,0.811,0.438,0.25,1
0.95,0.75,0.3,0.25,0.485,0.285,0.902,1
0.0,0.2,1.0,1.0,0.484,0.0,0.0,0
0.25,0.044,0.3,0.25,0.629,0.075,0.062,0
0.75,1.0,0.5,0.85,0.893,0.375,0.562,1
0.0,0.775,0.863,0.084,0.148,0.0,0.0,0
